351475200
353009152
344105472
301773312
301004288
302144000
363246080
280515072
319366656
318721536
371517952
321084928
320245248
318884352
320528896
321203712
321048064
320290304
281235968
284406272
313711104
362131968
322341376
362478080
323164672
322361856
321434112
322544128
322492928
322646528
322734592
323242496
321868288
322724352
322492928
322275840
321989120
323615232
322888192
323084800
322869760
323549696
323588608
323908096
323549696
322949632
323482112
322765312
322275840
322763264
324035072
324305408
324164096
323934720
323826176
323117568
323860992
324291072
324952576
322101760
323566080
322443776
323256832
323559936
322578944
322939392
323654144
323807744
323385856
324252160
324207104
280873472
274840064
274336256
274336256
274336256
274348544
274348544
274348544
274348544
274276864
274276864
274276864
274276864
274276864
274276864
274276864
274280960
274285056
274285056
274285056
274285056
314857984
314857984
314857984
314857984
314862080
314585600
314585600
314585600
314729984
314729984
314729984
274803200
313797120
313797120
313797120
313797120
313797120
313797120
313797120
313797120
313801216
313801216
313801216
313967104
314790400
314790400
314164736
314398208
314162688
355228160
316846592
316318208
316455424
316180992
315933184
317747712
316803584
318040576
317649408
317780480
318237184
318667264
319078912
318472704
317229568
319130112
318018048
318257664
318583296
319431168
318568960
318929408
318718464
318927360
318810624
319851008
319001088
318732800
318534144
320117248
318888448
318507520
318278144
319894016
318206464
319150592
319269376
319476224
319615488
318679552
320133632
319828480
319808000
319769088
320092672
320143872
320156160
320592384
320219648
321274368
320889344
320027136
321427968
321208832
320545280
321391104
322157056
322216448
321675776
323197440
277604864
277607936
277607936
277607936
277607936
274839040
274042368
274042368
274042368
274042368
274050560
274050560
274050560
274050560
274050560
274050560
274050560
315061760
315061760
315061760
315061760
315061760
315065856
315130368
315130368
315130368
315265536
315265536
315265536
314345984
314345984
314345984
314345984
314345984
314350080
314350080
314350080
314350080
314350080
314350080
314350080
355049984
355049984
355049984
355049984
355049984
355049984
355049984
355049984
355049984
355054080
355054080
355054080
314522112
314522112
314522112
314522112
314522112
314526208
314526208
314526208
313907712
313871872
313967104
313960960
274381312
274498048
274498048
274498048
274658816
274658816
274658816
274658816
274658816
274662912
274662912
274662912
314646016
314646016
314646016
314646016
314654208
314654208
314654208
314654208
314654208
314654208
314654208
314654208
315151872
315151872
315151872
315151872
315155968
315155968
314930688
314930688
314930688
315052544
315052544
315052544
314019328
314019328
314019328
314019328
314023424
314023424
314023424
314023424
314023424
314027520
314027520
314255872
274231808
274231808
274231808
274231808
274240000
274509312
274509312
274509312
274509312
274509312
274509312
274509312
274298368
274298368
274298368
274298368
274298368
274298368
273757696
273756672
273756672
273887744
273887744
273887744
315608576
315608576
315608576
315608576
315608576
315608576
315607552
315607552
315607552
315607552
315607552
315607552
314434048
314434048
314434048
314434048
314438144
314438144
314438144
314438144
314438144
314438144
314438144
314438144
315062784
315062784
315062784
315062784
315066880
315066880
315066880
315066880
315066880
315066880
315066880
315066880
314806784
314806784
314806784
314806784
314810880
314810880
314810880
314810880
314810880
314810880
314810880
314810880
274917888
274917888
274917888
274917888
274917888
274917888
274310656
274371072
274371072
274371072
274177536
274365952
274966016
275082752
275070464
275070464
275219968
275219968
275219968
275218944
275218944
275218944
275218944
275218944
274045440
274045440
274045440
273818112
273822208
273822208
273940992
273940992
273940992
274047488
274047488
274047488
314946048
314946048
314946048
314946048
314950144
314950144
314950144
314950144
315310592
315310592
315310592
315310592
315263488
315263488
315263488
315263488
315267584
315267584
302438912
311679488
281473536
277219840
279407104
319906304
306360832
359512576
321350144
331002368
364884480
320616960
320606720
320134656
321267200
321164800
321211904
321306112
321447424
321156608
321940992
321236480
322295296
322905600
322412032
322481664
322266624
322605568
323360256
322930176
323309056
323614208
320384512
321379840
321834496
322119168
322313728
320777728
322576896
322173440
322451968
321174016
322332160
322414080
321666560
322790912
322418176
323291648
321731072
322785792
323268096
321979904
323450368
322280960
323411456
323278336
323495424
324316672
323124736
323749376
323343872
324304384
323331584
277739008
277739008
277739008
274337280
274337280
274337280
274337280
274341376
274341376
274341376
273822208
273908224
273748480
273748480
273748480
276020736
276020736
276019712
275931648
274489856
274643456
274486784
274481664
274481664
274481664
274575872
274575872
314973696
315113984
315113984
315113984
315118080
315118080
315118080
315118080
315118080
315118080
315118080
314397184
315386368
315386368
315386368
315386368
314952192
314972672
314971648
314971648
314960384
314960384
314960384
314714624
314398208
314398208
314491392
314491392
314499584
314499584
314499584
314600960
314600960
314595840
314735104
314358272
315142656
315142656
315142656
315142656
274743808
274743808
274743808
274743808
274743808
274743808
274743808
315380224
274269696
274269696
274269696
274269696
274402816
274402816
274402816
274594304
274594304
274386432
274385408
315202048
275366400
275366400
275366400
275464704
275464704
275464704
275464704
275464704
275468800
275468800
275468800
315748864
274958848
274958848
274958848
274958848
274962944
274962944
274962944
274962944
274962944
274962944
274962944
315238912
275167744
275167744
274958848
274957824
274957824
274957824
275067392
275067392
275067392
275165696
275165696
315609600
315263488
315319808
315319808
315319808
315323904
315323904
314941952
315102720
315101696
314926592
314699264
315880960
315223552
315222528
315321856
315321856
315324928
315408896
315403776
315403776
315403776
315215360
315204096
277178880
274397696
274397696
274503168
274503168
274503168
274598400
274598400
274598400
274598400
274598400
274598400
275456512
275456512
275456512
275456512
275456512
275456512
275456512
275456512
275456512
275460608
275460608
275460608
274729472
274729472
274729472
274729472
274729472
274733568
274733568
274733568
274733568
274733568
274733568
274733568
316037632
316037632
316037632
316037632
316037632
316041728
316041728
316041728
316041728
315845120
315845120
315845120
314962432
314961408
314961408
314961408
314961408
314965504
314965504
314965504
314965504
314969600
314969600
314969600
275174912
275280384
275280384
275280384
275376640
275376640
275376640
275376640
275376640
275376640
275376640
275376640
274792960
274792960
274791936
274789888
274793984
274589184
274589184
274589184
274693632
274290176
274277888
274300416
275452416
275452416
275452416
275452416
275648000
275648000
275648000
275751424
275751424
275755520
275893760
275893760
315000320
315000320
314805760
314805760
314805760
314805760
314805760
314908160
314908160
314912256
315004416
315004416
316071424
316071424
316071424
316071424
316071424
316071424
316071424
316071424
316071424
316075520
316075520
316075520
314887680
314843648
314887680
314887680
314891776
314891776
314891776
314891776
314891776
314891776
314891776
314891776
315733504
315733504
315733504
315733504
315737600
315737600
315737600
315737600
315737600
315737600
315737600
315737600
315293184
315293184
315293184
315293184
315297280
315297280
315297280
315297280
315297280
315297280
315297280
315297280
315872768
315383296
315457024
315457024
315465216
315559424
315559424
315559424
315691520
315686400
315686400
315686400
314942976
314942976
314942976
314942976
314947072
314947072
314947072
315141632
275082752
275082752
275082752
275081728
275419648
275419648
275419648
275419648
275419648
275419648
275419648
275419648
275419648
275419648
275419648
275419648
315382272
315379200
315378176
315378176
315378176
315378176
315378176
315378176
315382272
315382272
315381248
315381248
316130816
316130816
316130816
316130816
316134912
316134912
316134912
316134912
316134912
316134912
316134912
316134912
274681344
274681344
274681344
274681344
274689536
274689536
274689536
274689536
274688512
274689536
274689536
274689536
316450304
316450304
316450304
316450304
316453376
316453376
316453376
316453376
316453376
316453376
316503552
316503552
315051520
315051520
315051520
315051520
315055616
315055616
315055616
315055616
315055616
315055616
315055616
315055616
316171776
316171776
316171776
316171776
316175872
316175872
316175872
316175872
316175872
316175872
316175872
316175872
315502080
315502080
315502080
315502080
315506176
315506176
315506176
315506176
315506176
315506176
315506176
315506176
315702784
315702784
315702784
315702784
315706880
315706880
315706880
315706880
315706880
315706880
315706880
315706880
315315712
315315712
315315712
315315712
315319808
315319808
315319808
315319808
315319808
315319808
315319808
315319808
315918848
315763200
315760128
315755008
315856384
315854336
315720192
315838976
316058112
315780608
315592192
315588096
314889728
314889728
314978816
314979840
274589184
274669056
274787840
351829504
316704256
313374208
314668544
275191296
269225472
274845184
303812096
336698880
316800512
315251200
317214208
316538368
317218304
316558848
316800512
317042176
316316160
317073920
315279872
316345856
316049920
316900864
316783104
316996096
317032960
317737472
315812352
315456000
316146176
316772864
316457472
316940800
316637696
316858880
316334592
316559872
317555200
317764096
317211136
317170176
316752384
316469760
317551104
317710848
317276672
318136832
318267904
356860416
318493184
318038528
368427520
368706048
317202944
317661696
318448128
368615936
318136832
318779904
367645184
317911552
318865920
312754688
312754688
362856960
272916992
272872960
272916992
272916992
272916992
272916992
272969216
272969216
272969216
272969216
272969216
313306624
312765952
312765952
312765952
312765952
312770048
312770048
312770048
312770048
272281088
272281088
272281088
311827968
312741376
312741376
312741376
312741376
312741376
312741376
312741376
312741376
312745472
312745472
312745472
315903488
311946752
311946752
311946752
311946752
311946752
311946752
311946752
311946752
311946752
311946752
311946752
352783872
353934848
353934848
353934848
353934848
353934848
353934848
353934848
353934848
353934848
353934848
353934848
392678912
392195584
392195584
392195584
392195584
392199680
392199680
392199680
392199680
392199680
392199680
392199680
432061952
432061952
432061952
432061952
432061952
272256512
272256512
272256512
272256512
272256512
272256512
272256512
312696320
311844352
311844352
311844352
311844352
311844352
311844352
311844352
311844352
311848448
311848448
311848448
272748032
272748032
272748032
272748032
272752128
272752128
272752128
272752128
272752128
272752128
272752128
272752128
311848448
311848448
311848448
311848448
311848448
311848448
311848448
311848448
311848448
311856640
311856640
311856640
312270336
312270336
312270336
312270336
312274432
312274432
312274432
312274432
312274432
312274432
312274432
312274432
356064768
352816640
352816640
352816640
352820736
352820736
352820736
352820736
352820736
352824832
352824832
352824832
393195008
393195008
393195008
393195008
393195008
393195008
393195008
393195008
393195008
393195008
393195008
393195008
312573440
312573440
312573440
312573440
312577536
312577536
312577536
312577536
312577536
312577536
312577536
312577536
353164800
353164800
353164800
353164800
353164800
353164800
353164800
353164800
353164800
353164800
353164800
353164800
314404352
312425984
312425984
312425984
312430080
312430080
312430080
312430080
312434176
312434176
312434176
312434176
313564672
313564672
313564672
313564672
313568768
313568768
313568768
313568768
313568768
313568768
313568768
313568768
314621440
312745472
312745472
312745472
312749568
312749568
312749568
312749568
312749568
312749568
312749568
312749568
313380352
313380352
313380352
313380352
313384448
313384448
313384448
313384448
313384448
313384448
313384448
313384448
313032192
313032192
313032192
313032192
313036288
313036288
313036288
313036288
313036288
313036288
313036288
313036288
313396736
313396736
313396736
313396736
313400832
313400832
313400832
313400832
313400832
313400832
313400832
313400832
312450560
312450560
312450560
312450560
312454656
312454656
312454656
312454656
312454656
312454656
312454656
312454656
313781760
313781760
313781760
313781760
313785856
313785856
313785856
313785856
313785856
313785856
313785856
313785856
312827392
312827392
312827392
312827392
312831488
312831488
312831488
312831488
312831488
312831488
312831488
312831488
313449984
313449984
313449984
313449984
313454080
313454080
313454080
313454080
313458176
313458176
313458176
313458176
313101824
313101824
313101824
313101824
313105920
313105920
313105920
313105920
313105920
313105920
313105920
372178432
313159168
313159168
313159168
313159168
313167360
313167360
313167360
313167360
313171456
313171456
313171456
313343488
313077248
313077248
313077248
313077248
313081344
313081344
313081344
313081344
313081344
313081344
313081344
312827392
313822720
313822720
313822720
313822720
313826816
313826816
313826816
313826816
313830912
313830912
313830912
313253376
312643072
312643072
312643072
312643072
312647168
312647168
312647168
312647168
312647168
312647168
312647168
312860160
313478656
313478656
313478656
313478656
313486848
313486848
313486848
313486848
313486848
313486848
313486848
313155072
312778240
312778240
312778240
312778240
312786432
312786432
312786432
312786432
312786432
312786432
312786432
272743936
313376256
313376256
313376256
313376256
313384448
313384448
313384448
313384448
313384448
313384448
313384448
312692224
312815104
312815104
312815104
312815104
312819200
312819200
312819200
312819200
312819200
312819200
312819200
313495040
313495040
313495040
313495040
313495040
313503232
313503232
313503232
313503232
313507328
313507328
313507328
312876544
312876544
312876544
312876544
312876544
312880640
312880640
312880640
312880640
312880640
312880640
312880640
316059136
313867776
313867776
313867776
313867776
313871872
313871872
313871872
313871872
313871872
313871872
313871872
312868352
312868352
312868352
312868352
312868352
312872448
312872448
312872448
312872448
312872448
312872448
312872448
313687552
313687552
313687552
313687552
313695744
313695744
313695744
313695744
313695744
313695744
313695744
313695744
312782336
312782336
312782336
312782336
312786432
312786432
312786432
312786432
312786432
312790528
312790528
312790528
313732608
313732608
313732608
313732608
313744896
313744896
313744896
313744896
313744896
313744896
313744896
313744896
313077248
313077248
313077248
313077248
313101824
313101824
313101824
313101824
313101824
313101824
313101824
313101824
316296704
313744896
313744896
313744896
313753088
313753088
313753088
313753088
313753088
313753088
313753088
313753088
316513792
313150976
313150976
313150976
313159168
313159168
313159168
313159168
313159168
313159168
313159168
313159168
314007040
314007040
314007040
314007040
314015232
314015232
314015232
314015232
314015232
314015232
314015232
314015232
312970752
312970752
312970752
312970752
312978944
312978944
312978944
312978944
312978944
312978944
312978944
312978944
313937408
313937408
313937408
313937408
313941504
313941504
313941504
313941504
313941504
313941504
313941504
313941504
313024000
313024000
313024000
313024000
313032192
313032192
313032192
313032192
313032192
313032192
313032192
313032192
313937408
313937408
313937408
313937408
313949696
313949696
313949696
313949696
313949696
313949696
313949696
313949696
313667072
313667072
313667072
313667072
313671168
313671168
313671168
313671168
313671168
313671168
313671168
313671168
313761280
313761280
313761280
313761280
313769472
313769472
313769472
313769472
313769472
313769472
313769472
313769472
313515520
313515520
313515520
313515520
313519616
313519616
313519616
313519616
313519616
313519616
313519616
313519616
313798144
313798144
313798144
313798144
313802240
313802240
313802240
313802240
313802240
313802240
313802240
313802240
313404928
313404928
313404928
313404928
313409024
313409024
313409024
313409024
313409024
313409024
313409024
313409024
313986560
313986560
313986560
313986560
313990656
313990656
313990656
313990656
313990656
313989632
313989632
313989632
313600512
313600512
313600512
313600512
313608704
313608704
313608704
313608704
313608704
313608704
313608704
314096128
313817600
313817600
313817600
313817600
313825792
313825792
313825792
313825792
313825792
313825792
313825792
313530880
273418752
273418752
273418752
273418752
273422848
273422848
273422848
273422848
273422848
273422848
273422848
313612800
314673664
314673664
314673664
314673664
314677760
314677760
314677760
314677760
314681856
314681856
314681856
313727488
313219584
313182720
313182720
313182720
313190912
313190912
313190912
313190912
313190912
313190912
313190912
313190912
314100224
314100224
314100224
314100224
314104320
314104320
314104320
314104320
314108416
314108416
314108416
314051072
313801216
313801216
313801216
313801216
313813504
313813504
313813504
313813504
313817600
313817600
313817600
313190912
314247680
314247680
314247680
314247680
314056192
314056192
314055168
314055168
314055168
314055168
314055168
274373120
313797120
313797120
313797120
313797120
313801216
313801216
313801216
313801216
313801216
313801216
313801216
314153472
314153472
314153472
314153472
314153472
314157568
314157568
314157568
314157568
314157568
314157568
314157568
313760256
313760256
313760256
313760256
313760256
313768448
313768448
313768448
313768448
313776640
313776640
313776640
314038784
314038784
314038784
314038784
314038784
314038784
314038784
314038784
314038784
314038784
314038784
314038784
313342464
313342464
313342464
313342464
313342464
313342464
313342464
313342464
313342464
313342464
313342464
313342464
314169856
314169856
314169856
314169856
314169856
314169856
314169856
314169856
314169856
314169856
314169856
314169856
313448960
313448960
313448960
313448960
313453056
313453056
313453056
313453056
313453056
313453056
313453056
313453056
313686528
313685504
313685504
313685504
313685504
313685504
313685504
313685504
313685504
313685504
313685504
313685504
313280000
313280000
313280000
313280000
313312768
313312768
313312768
313312768
313312768
313312768
313312768
313312768
314152448
314152448
314152448
314152448
314152448
314152448
314152448
314152448
314152448
314152448
314152448
314152448
313456128
313456128
313456128
313456128
313456128
313456128
313456128
313456128
313456128
313456128
313456128
313456128
314107392
314107392
314107392
314107392
314107392
314107392
314107392
314107392
314107392
314107392
314107392
314107392
313521664
313521664
313521664
313520640
313524736
313524736
313524736
313524736
313524736
313517568
313517568
313517568
314287616
314287616
314287616
314287616
314287616
314287616
314287616
314287616
314287616
314287616
314287616
314287616
313214464
313214464
313214464
313214464
313214464
313214464
313214464
313214464
313214464
313214464
313214464
313214464
314390016
314390016
314390016
314390016
314390016
314390016
314390016
314390016
314390016
314390016
314390016
314390016
313767424
313767424
313767424
313767424
313767424
313767424
313767424
313767424
313767424
313767424
313767424
313767424
314381824
314381824
314381824
314381824
314381824
314381824
314381824
314381824
314381824
314381824
314381824
314381824
313505280
313505280
313505280
313505280
313505280
313505280
313505280
313505280
313505280
313505280
313505280
313505280
314275328
314275328
314275328
314275328
314275328
314273280
314273280
314273280
314273280
314273280
314273280
314273280
314265088
314265088
314265088
314265088
314265088
314265088
314265088
314265088
314265088
314265088
314265088
314265088
314203648
314203648
314203648
314203648
314203648
314203648
314203648
314203648
314203648
314203648
314203648
314203648
313507328
313507328
313507328
313507328
313507328
313507328
313507328
313507328
313507328
313507328
313507328
313507328
314424832
314424832
314424832
314424832
314428928
314428928
314428928
314428928
314428928
314428928
314428928
314428928
313994752
313994752
313994752
313994752
313994752
313994752
313994752
313994752
313994752
313994752
313994752
314035712
314703360
314703360
314703360
314703360
314703360
314703360
314703360
314703360
314703360
314703360
314703360
314449408
313851392
313851392
313851392
313851392
313855488
313855488
313855488
313855488
313855488
313855488
313855488
313712128
314768896
314768896
314768896
314768896
314772992
314772992
314772992
314772992
314772992
314772992
314772992
314514944
313802240
313802240
313802240
313802240
313802240
313802240
313802240
313802240
313802240
313802240
313802240
313732608
314482176
314482176
314482176
314482176
314482176
314482176
314482176
314482176
314482176
314482176
314482176
314199552
273616384
273616384
273616384
273616384
273620480
273620480
273620480
273620480
273620480
273620480
273620480
289664512
315407872
315407872
315407872
315407872
315407872
315407872
315407872
315407872
315407872
315407872
315407872
317496832
313671168
313671168
313671168
313671168
313671168
313671168
313671168
313671168
313671168
313671168
313671168
314859008
314859008
314859008
314856960
314855936
314860032
314860032
314860032
314860032
314860032
314860032
314860032
314429952
314429952
314429952
314429952
314429952
314429952
314429952
314429952
314429952
314429952
314429952
314429952
315105792
315105792
315105792
315105792
315105792
315105792
315105792
315105792
315105792
315105792
315105792
315105792
314540544
314540544
314540544
314540544
314540544
314540544
314540544
314540544
314540544
314540544
314540544
314540544
274223616
274223616
274223616
274223616
274223616
274223616
274223616
274218496
274218496
274218496
274218496
274218496
273604096
273604096
273604096
273604096
273604096
273604096
273604096
273604096
273604096
273604096
273604096
273604096
274972160
274972160
274972160
274972160
274972160
274972160
274972160
274972160
274972160
274972160
274972160
274972160
273878528
273878528
273878528
273878528
273882624
273882624
273882624
273882624
273882624
273882624
273882624
273882624
314891776
314891776
314891776
314891776
314891776
314891776
314891776
314891776
314891776
314891776
314891776
314891776
314162688
314162688
314162688
314162688
314162688
314162688
314162688
314162688
314162688
314162688
314162688
314162688
314703360
314703360
314703360
314703360
314707456
314707456
314707456
314707456
314707456
314707456
314707456
314707456
314252800
314252800
314252800
314252800
314252800
314252800
314252800
314252800
314252800
314252800
314252800
314252800
315358720
315358720
315358720
315358720
315358720
315358720
315358720
315358720
315358720
315358720
315358720
315358720
314781184
314781184
314781184
314781184
314781184
314781184
314781184
314781184
314781184
314781184
314781184
314781184
315371008
315330048
315371008
315371008
315371008
315371008
315371008
315371008
315371008
315371008
315371008
315371008
314416640
314416640
314416640
314416640
314416640
314416640
314416640
314416640
314416640
314416640
314440192
314440192
315431424
315431424
315431424
315431424
315431424
315431424
315431424
315431424
315431424
315431424
315431424
315431424
314468864
314452480
314452480
314452480
314485248
314485248
314485248
314485248
314485248
314485248
314485248
314485248
314829312
314829312
314829312
314829312
314829312
314829312
314829312
314829312
314829312
314829312
314829312
314829312
314264064
314264064
314264064
314264064
314268160
314268160
314313216
314313216
314313216
314313216
314313216
314313216
315283968
315283968
315283968
315283968
315288064
315288064
315288064
315288064
315288064
315288064
315288064
315288064
314391040
314391040
314391040
314391040
314395136
314395136
314395136
314395136
314395136
314395136
314395136
274668032
314837504
314837504
314837504
314837504
314837504
314837504
314837504
314837504
314837504
314837504
314837504
314558976
314235392
314235392
314235392
314235392
314235392
314235392
314235392
314235392
314235392
314235392
314235392
314206720
314864128
314894848
314894848
314894848
314894848
314894848
314894848
314894848
314894848
314894848
314894848
314522112
314235392
314235392
314235392
314235392
314239488
314239488
314239488
314239488
314239488
314239488
314239488
314530304
315169280
315169280
315169280
315169280
315169280
315169280
315169280
315169280
315169280
315169280
315169280
314628608
314493440
314493440
314493440
314493440
314493440
314493440
314493440
314493440
314493440
314493440
314493440
313997824
314862080
314862080
314862080
314862080
314862080
314862080
314862080
314862080
314862080
314862080
314862080
275614208
314952192
314952192
314952192
314952192
314952192
314952192
314952192
314952192
314952192
314952192
314952192
318945792
315128320
315128320
315128320
315128320
315128320
315128320
315128320
315128320
315128320
315128320
315128320
314828288
314828288
314828288
314828288
314828288
314828288
314828288
314828288
314828288
314828288
314828288
314828288
315176448
315176448
315176448
315176448
315176448
315176448
315176448
315176448
315176448
315176448
315176448
315176448
314791424
314791424
314791424
314791424
314791424
314791424
314791424
314791424
314791424
314791424
314791424
314791424
315254272
315254272
315254272
315254272
315254272
315254272
315254272
315254272
315254272
315254272
315254272
315254272
314471936
314471936
314471936
314471936
314471936
314471936
314471936
314471936
314471936
314471936
314471936
314471936
315049472
315049472
315049472
315049472
315049472
315049472
315049472
315049472
315049472
315049472
315049472
315049472
315078144
315078144
315078144
315078144
315078144
315078144
315078144
315078144
315078144
315078144
315078144
315078144
315434496
315430400
315430400
315430400
315430400
315430400
315430400
315430400
315430400
315430400
315430400
315430400
314459648
314459648
314459648
314459648
314463744
314463744
314463744
314463744
314463744
314463744
314463744
314463744
315074048
315074048
315074048
315074048
315074048
315074048
315074048
315074048
315074048
315074048
315074048
315074048
314856960
314856960
314856960
314856960
314861056
314861056
314861056
314861056
314861056
314861056
314861056
314861056
315688448
315688448
315688448
315688448
315692544
315692544
315692544
315692544
315692544
315692544
315692544
315692544
314734080
314734080
314734080
314733056
314738176
314738176
314738176
314738176
314738176
314738176
314738176
314738176
315823616
315782656
315823616
315823616
315823616
315823616
315823616
315823616
315778560
315778560
315778560
315778560
314803712
314803712
314803712
314803712
314803712
314803712
314803712
314803712
314803712
314802688
314802688
314802688
274981376
274981376
274981376
274981376
274981376
274981376
274981376
274981376
274981376
274981376
274981376
274981376
314663424
314663424
314663424
314663424
314663424
314663424
314663424
314663424
314663424
314663424
314663424
314663424
315064832
315064832
315064832
315064832
315064832
315064832
315064832
315064832
315064832
315064832
315064832
315064832
314851840
314851840
314851840
314851840
314855936
314855936
314855936
314855936
314855936
314855936
314855936
314855936
315666944
315666944
315666944
315666944
315666944
315666944
315666944
315666944
315666944
315666944
315666944
315666944
314745344
314745344
314745344
314745344
314745344
314745344
314745344
314745344
314745344
314745344
314745344
314745344
315437568
315437568
315437568
315437568
315437568
315437568
315437568
315437568
315437568
315437568
315437568
275931648
315220480
315220480
315220480
315220480
315220480
315220480
315220480
315220480
315220480
315220480
315220480
314638848
315478528
315478528
315478528
315478528
315478528
315478528
315478528
315478528
315478528
315478528
315478528
315712000
315437568
315437568
315437568
315437568
315437568
315437568
315437568
315437568
315437568
315437568
315437568
315261440
315953664
315953664
315953664
315953664
315953664
315953664
315953664
315953664
315953664
315953664
315953664
315449856
315228672
315187712
315187712
315187712
315187712
315187712
315187712
315187712
315187712
315187712
315187712
314978816
315773440
315773440
315773440
315773440
315773440
315773440
315773440
315773440
315773440
315773440
315773440
315818496
315490816
315490816
315490816
315490816
315490816
315490816
315490816
315490816
315490816
315490816
315490816
275534336
316166656
316166656
316166656
316166656
316166656
316166656
316166656
316166656
316166656
316166656
316166656
317719040
315580928
315580928
315580928
315580928
315585024
315585024
315585024
315585024
315585024
315585024
315585024
316207616
316207616
316207616
316207616
316207616
316207616
316207616
316207616
316207616
316207616
316207616
316207616
275456512
275456512
275456512
275456512
275456512
275460608
275460608
275460608
275460608
275460608
275460608
275460608
316682752
316682752
316682752
316682752
316682752
316682752
316682752
316682752
316682752
316682752
316682752
316682752
315257344
315257344
315208192
315208192
315208192
315208192
315208192
315208192
315208192
315208192
315208192
315208192
316248576
316248576
316248576
316248576
316248576
316248576
316248576
316248576
316248576
316248576
316248576
316248576
315490816
315490816
315490816
315490816
315490816
315490816
315490816
315490816
315490816
315490816
315490816
315490816
315904512
315904512
315904512
315904512
315904512
315904512
315904512
315904512
315904512
315904512
315904512
315904512
315527680
315527680
315527680
315527680
315527680
315527680
315527680
315527680
315527680
315527680
315527680
315527680
316015104
316015104
316015104
316015104
316015104
315982336
315982336
315982336
315982336
315982336
315982336
315982336
315867648
315867648
315867648
315867648
315867648
315867648
315867648
315867648
315867648
315867648
315867648
315867648
316273152
316273152
316273152
316273152
316273152
316273152
316273152
316273152
316273152
316273152
316273152
316273152
315843072
315843072
315843072
315843072
315843072
315843072
315843072
315843072
315843072
315843072
315843072
315843072
316498432
316498432
316498432
316498432
316498432
316498432
316498432
316498432
316498432
316498432
316514816
316514816
315810304
315810304
315810304
315810304
315810304
315810304
315810304
315810304
315810304
315810304
315810304
315810304
316166656
316166656
316166656
316166656
316166656
316166656
316166656
316166656
316166656
316166656
316166656
316166656
315654656
315654656
315654656
315654656
315654656
315654656
315654656
315654656
315654656
315654656
315654656
315654656
316748288
316748288
316748288
316748288
316748288
316748288
316748288
316748288
316748288
316748288
316748288
316748288
315912704
315912704
315912704
315912704
315912704
315912704
315912704
315912704
315912704
315912704
315912704
315912704
316637696
316637696
316637696
316637696
316637696
316637696
316637696
316637696
316637696
316637696
316637696
316637696
315974144
315974144
315974144
315974144
315974144
315974144
315974144
315974144
315974144
315974144
315974144
315974144
316486144
316486144
316486144
316486144
316486144
316486144
316486144
316486144
316486144
316486144
316486144
316486144
315924992
315924992
315924992
315924992
315924992
315924992
315924992
315924992
315924992
315924992
315924992
316256768
316645888
316645888
316645888
316645888
316645888
316645888
316645888
316645888
316645888
316645888
316645888
316326400
275890688
275890688
275890688
275890688
275890688
275890688
275890688
275890688
275890688
275890688
275890688
316301824
276230656
276230656
276230656
276230656
276230656
276230656
276230656
276230656
276230656
276230656
276230656
276427264
275939840
275939840
275939840
275939840
275939840
275939840
275939840
275939840
275939840
275939840
275939840
315605504
316633600
316633600
316633600
316633600
316633600
316633600
316633600
316633600
316633600
316633600
316633600
316453376
275591680
275591680
275591680
275591680
275595776
275595776
275595776
275595776
275595776
275595776
275595776
316191232
317112832
317112832
317112832
317112832
317112832
317112832
317112832
317112832
317112832
317112832
317112832
276251136
315806208
315806208
315806208
315806208
315810304
315810304
315810304
315810304
315810304
315810304
315810304
318996992
316854784
316854784
316854784
316854784
316854784
316854784
316854784
316854784
316854784
316854784
316854784
283193856
275878400
275878400
275878400
275878400
275878400
275878400
275878400
275878400
275878400
275878400
275878400
277623296
277623296
277623296
277623296
277623296
277623296
277623296
277623296
277623296
277623296
277623296
277623296
316113408
316113408
316113408
316113408
316113408
316117504
316117504
316117504
316117504
316117504
316117504
316117504
316916224
316916224
316916224
316916224
316916224
316916224
316916224
316916224
316916224
316916224
316916224
316916224
316408320
316408320
316408320
316408320
316408320
316408320
316408320
316408320
316408320
316408320
316408320
316408320
317088256
317088256
317088256
317088256
317088256
317088256
317088256
317088256
317088256
317088256
317088256
317088256
316342784
316342784
316342784
316342784
316342784
316342784
316342784
316342784
316342784
316342784
316342784
316342784
317125120
317125120
317125120
317125120
317125120
317125120
317125120
317125120
317125120
317125120
317125120
317125120
316342784
316342784
316342784
316342784
316342784
316342784
316342784
316342784
316342784
316342784
316342784
316342784
316867072
316867072
316867072
316867072
316867072
316867072
316867072
316867072
316867072
316867072
316867072
316867072
316047872
316047872
316047872
316047872
316047872
316047872
316047872
316047872
316047872
316047872
316047872
316047872
276554240
276554240
276554240
276681216
276681216
276681216
276681216
276681216
276681216
276681216
276681216
276681216
277156352
277156352
277156352
277156352
277156352
277156352
277156352
277156352
277156352
277156352
277156352
277156352
316928512
316928512
316928512
316928512
316928512
316928512
316928512
316928512
316928512
316928512
316928512
316928512
276111872
276079104
276079104
276079104
276079104
276079104
276079104
276079104
276079104
276079104
276079104
276079104
276701696
276701696
276701696
276701696
276701696
276701696
276701696
276701696
276701696
276701696
276701696
276701696
316219904
316219904
316219904
316219904
316219904
316219904
316219904
316219904
316219904
316219904
316219904
316219904
317649408
317649408
317649408
317649408
317649408
317649408
317649408
317649408
317649408
317649408
317649408
317649408
276431360
276431360
276431360
276431360
276435456
276435456
276435456
276435456
276435456
276435456
276435456
276435456
317399552
317399552
317399552
317399552
317399552
317399552
317399552
317399552
317399552
317399552
317399552
317399552
316457472
316400128
316400128
316400128
316400128
316400128
316400128
316400128
316400128
316400128
316400128
316400128
317129216
317129216
317129216
317129216
317129216
317129216
317129216
317129216
317129216
317129216
317129216
317129216
316670464
316670464
316670464
316670464
316670464
316670464
316670464
316670464
316670464
316670464
316670464
316670464
317116928
317116928
317116928
317116928
317116928
317116928
317116928
317116928
317116928
317116928
317116928
308498944
316674560
316674560
316674560
316674560
316674560
316674560
316674560
316674560
316674560
316674560
316674560
316699136
317698560
317698560
317698560
317698560
317702656
317702656
317702656
317702656
317702656
317702656
317702656
317481472
316793344
316793344
316793344
316793344
316793344
316793344
316793344
316793344
316793344
316793344
316793344
316555776
317501952
317501952
317501952
317501952
317501952
317501952
317501952
317501952
317501952
317501952
317501952
317440512
316891648
316891648
316891648
316891648
316891648
316891648
316891648
316891648
316891648
316891648
316891648
316846592
317444608
317444608
317444608
317444608
317444608
317444608
317444608
317444608
317444608
317444608
317444608
277340672
316895744
316895744
316895744
316895744
316895744
316895744
316895744
316895744
316895744
316895744
316895744
317628928
317628928
317628928
317628928
317628928
317628928
317628928
317628928
317628928
317628928
317628928
317628928
316805632
316805632
316805632
316805632
316805632
316805632
316805632
316805632
316805632
316805632
316805632
316805632
317272576
317272576
317272576
317272576
317272576
317272576
317272576
317272576
317272576
317272576
317272576
317272576
316834304
316834304
316834304
316834304
316834304
316834304
316834304
316834304
316834304
316834304
316834304
316834304
317612544
317612544
317612544
317612544
317612544
317612544
317612544
317612544
317612544
317612544
317612544
317612544
317141504
317141504
317141504
317141504
317141504
317141504
317141504
317141504
317141504
317141504
317141504
317141504
317547008
317547008
317547008
317547008
317547008
317547008
317547008
317547008
317547008
317547008
317547008
317547008
317223424
317223424
317223424
317223424
317223424
317223424
317223424
317223424
317223424
317223424
317223424
317223424
318026240
318026240
318026240
318026240
318026240
318026240
318026240
318026240
318026240
318026240
318026240
318026240
317059584
317059584
317059584
317059584
317059584
317059584
317059584
317059584
317059584
317059584
317059584
317059584
317944320
317944320
317944320
317944320
317944320
317944320
317944320
317944320
317944320
317944320
317944320
317944320
317518336
317518336
317518336
317518336
317518336
317518336
317518336
317518336
317518336
317518336
317518336
317518336
318321152
318321152
318321152
318321152
318321152
318321152
318321152
318321152
318321152
318321152
318321152
318321152
317407744
317407744
317407744
317407744
317407744
317407744
317407744
317407744
317407744
317407744
317407744
317407744
317997568
317997568
317997568
317997568
317997568
317997568
317997568
317997568
317997568
317997568
317997568
317997568
317522432
317522432
317522432
317522432
317559296
317559296
317559296
317559296
317559296
317559296
317559296
317559296
317903360
317903360
317903360
317903360
318009856
318009856
318009856
318009856
318009856
318009856
318009856
318009856
318095872
318095872
318095872
318095872
318095872
318095872
318095872
318095872
318095872
318095872
318095872
318095872
318419456
318419456
318419456
318419456
318419456
318419456
318419456
318419456
318419456
318419456
318419456
318419456
317522432
317522432
317522432
317522432
317522432
317522432
317522432
317612544
317612544
317612544
317612544
317612544
318253568
318284288
318284288
318284288
318284288
318284288
318284288
318284288
318284288
318284288
318284288
318284288
317768192
317768192
317768192
317768192
317768192
317768192
317768192
317768192
317768192
317768192
317768192
317768192
318444032
318444032
318444032
318444032
318444032
318444032
318444032
318444032
318444032
318444032
318444032
319025664
317604352
317604352
317604352
317604352
317608448
317608448
317608448
317608448
317608448
317608448
317608448
317559296
318345728
318345728
318345728
318345728
318345728
318345728
318345728
318345728
318345728
318345728
318345728
318157312
317788672
317788672
317788672
317788672
317788672
317788672
317788672
317788672
317788672
317788672
317788672
317669888
318231040
318231040
318231040
318231040
318231040
318231040
318358016
318358016
318358016
318358016
318358016
318161408
317878784
317878784
317878784
317878784
317878784
317878784
317878784
317878784
317878784
317878784
317878784
317538816
318136832
318136832
318136832
318136832
318136832
318136832
318136832
318136832
318136832
318136832
318136832
318218752
317796864
317796864
317796864
317796864
317800960
317800960
317800960
317800960
317800960
317800960
317800960
277750272
318571008
318571008
318571008
318571008
318571008
318571008
318571008
318571008
318571008
318571008
318571008
322126336
317616640
317616640
317616640
317616640
317616640
317616640
317616640
317616640
317616640
317616640
317616640
277672448
277672448
277672448
277672448
277672448
277672448
277672448
277672448
277672448
277672448
277672448
277672448
317706752
317706752
317706752
317706752
317706752
317710848
317710848
317710848
317710848
317710848
317710848
317710848
318272000
318272000
318272000
318272000
318272000
318272000
318272000
318272000
318272000
318272000
318272000
318272000
317460992
317460992
317460992
317460992
317460992
317460992
317460992
317460992
317460992
317460992
317460992
317460992
320619008
318534144
318534144
318534144
318534144
318534144
318534144
318534144
318534144
318534144
318534144
318534144
317645312
317645312
317645312
317645312
317645312
317645312
317645312
317645312
317645312
317645312
317645312
317645312
318558720
318558720
318558720
318558720
318558720
318558720
318558720
318558720
318558720
318558720
318558720
318558720
317833728
317833728
317833728
317833728
317833728
317833728
317833728
317833728
317833728
317833728
317833728
317833728
318128640
318128640
318128640
318128640
318128640
318128640
318128640
318128640
318128640
318128640
318128640
318128640
318079488
318079488
318079488
318079488
318079488
318079488
318079488
318079488
318079488
318079488
318079488
318079488
318501376
318501376
318501376
318501376
318501376
318501376
318501376
318501376
318501376
318501376
318501376
318501376
317870592
317870592
317870592
317870592
317870592
317870592
317870592
317870592
317870592
317870592
317870592
317870592
318607872
318607872
318607872
318607872
318607872
318607872
318607872
318607872
318607872
318607872
318607872
318607872
317886976
317886976
317886976
317886976
317886976
317886976
317886976
317886976
317886976
317886976
317886976
317886976
318677504
318677504
318677504
318677504
318677504
318677504
318677504
318677504
318677504
318677504
318677504
318677504
318415360
318415360
318415360
318415360
318415360
318415360
318415360
318415360
318415360
318415360
318415360
318415360
318321152
318321152
318321152
318321152
318321152
318321152
318321152
318321152
318321152
318321152
318321152
318321152
318124544
318124544
318124544
318124544
318124544
318124544
318124544
318124544
318124544
318124544
318124544
318124544
318886400
318886400
318886400
318886400
318886400
318886400
318886400
318886400
318886400
318886400
318886400
318886400
318095872
318095872
318095872
318095872
318095872
318095872
318095872
318095872
318095872
318095872
318095872
318095872
318714368
318714368
318714368
318714368
318714368
318714368
318714368
318714368
318714368
318714368
318714368
318714368
318259712
318259712
318259712
318259712
318259712
318259712
318259712
318259712
318259712
318259712
318259712
318259712
318702080
318702080
318702080
318702080
318702080
318702080
318702080
318702080
318702080
318702080
318702080
318947840
318206464
318206464
318206464
318206464
318206464
318206464
318206464
318206464
318206464
318206464
318206464
317895168
318943744
318943744
318943744
318943744
318943744
318943744
318943744
318943744
318943744
318943744
318943744
318972416
318501376
318501376
318501376
318501376
318501376
318501376
318501376
318501376
318501376
318501376
318501376
318206464
318820864
318820864
318820864
318820864
318820864
318820864
318820864
318820864
318820864
318820864
318820864
318525952
278086144
278086144
278086144
278086144
278086144
278086144
278086144
278086144
278086144
278086144
278086144
279044608
279699968
279699968
279699968
279699968
279699968
279699968
279699968
279699968
279699968
279699968
279699968
279032320
318489088
318489088
318489088
318489088
318489088
318489088
318489088
318489088
318489088
318489088
318489088
318996992
318996992
318996992
318996992
318996992
318996992
318996992
318996992
318996992
318996992
318996992
318996992
318370304
318370304
318370304
318370304
318370304
318370304
318370304
318370304
318370304
318370304
318370304
318370304
318870016
318870016
318870016
318870016
318870016
318870016
318870016
318870016
318870016
318870016
318870016
318870016
318431744
318431744
318431744
318431744
318431744
318431744
318431744
318431744
318431744
318431744
318431744
318431744
318870016
318870016
318870016
318870016
318870016
318870016
318870016
318870016
318870016
318870016
318870016
318870016
318283264
318283264
318283264
318283264
318283264
318283264
318283264
318283264
318283264
318283264
318283264
318283264
319200768
319200768
319200768
319200768
319200768
319200768
319200768
319200768
319200768
319200768
319200768
319200768
318488064
318488064
318488064
318488064
318488064
318488064
318488064
318488064
318488064
318488064
318488064
318488064
319118848
319118848
319118848
319118848
319118848
319118848
319118848
319118848
319118848
319118848
319118848
319118848
318447104
318447104
318447104
318447104
318447104
318447104
318447104
318447104
318447104
318447104
318447104
318447104
278699520
278699520
278699520
278699520
278703616
278703616
278703616
278703616
278703616
278703616
278703616
278830592
279203328
279203328
279203328
279203328
279203328
279203328
279203328
279203328
279203328
279203328
279203328
279203328
319000064
319000064
319000064
319000064
319000064
319000064
319000064
319000064
319000064
319000064
319000064
319000064
318590464
318590464
318590464
318590464
318590464
318590464
318590464
318590464
318590464
318590464
318590464
318590464
319061504
319061504
319061504
319061504
319061504
319061504
319061504
319061504
319061504
319061504
319061504
319061504
318385664
318385664
318385664
318385664
318385664
318385664
318385664
318385664
318385664
318385664
318385664
318385664
319172096
319172096
319172096
319172096
319176192
319176192
319176192
319176192
319176192
319176192
319176192
319176192
318668288
318668288
318668288
318668288
318668288
318668288
318668288
318668288
318668288
318668288
318668288
318668288
319409664
319409664
319409664
319409664
319409664
319409664
319409664
319409664
319409664
319409664
319409664
319409664
318578176
318578176
318578176
318578176
318578176
318578176
318578176
318578176
318578176
318578176
318578176
318578176
319217152
319217152
319217152
319217152
319217152
319217152
319217152
319217152
319217152
319217152
319217152
319217152
318778880
318778880
318778880
318778880
318778880
318778880
318778880
318778880
318778880
318778880
318778880
318778880
319692288
319692288
319692288
319692288
319692288
319692288
319692288
319692288
319692288
319692288
319692288
319520256
318909952
318877184
318877184
318877184
318877184
318877184
318877184
318877184
318877184
318877184
318877184
318529024
319405568
319405568
319405568
319405568
319405568
319405568
319405568
319405568
319405568
319405568
319405568
319401472
318914048
318914048
318914048
318914048
318914048
318914048
318914048
318914048
318914048
318914048
318914048
318598656
319413760
319413760
319413760
319413760
319413760
319413760
319413760
319413760
319413760
319413760
319413760
319245824
318967296
318967296
318967296
318967296
318971392
318971392
318971392
318971392
318971392
318971392
318971392
318811648
319340032
319340032
319340032
319340032
319340032
319340032
319340032
319340032
319340032
319340032
319340032
279305728
318823936
318823936
318823936
318823936
318823936
318823936
318823936
318823936
318823936
318823936
318823936
319684096
319684096
319684096
319684096
319684096
319688192
319688192
319688192
319688192
319688192
319688192
319688192
318787072
318787072
318787072
318787072
318787072
318787072
318787072
318787072
318787072
318787072
318787072
318787072
319892992
319892992
319892992
319892992
319892992
319892992
319892992
319892992
319892992
319892992
319892992
319892992
278806016
278806016
278806016
278806016
278806016
278806016
278806016
278806016
278806016
278806016
278806016
278806016
319696384
319696384
319696384
319696384
319696384
319696384
319696384
319696384
319696384
319696384
319696384
319696384
319270400
319270400
319270400
319270400
319270400
319270400
319270400
319270400
319270400
319270400
319270400
319270400
279776768
279776768
279776768
279776768
279776768
279776768
279776768
279776768
279776768
279776768
279776768
279776768
319372800
319372800
319372800
319372800
319372800
319372800
319372800
319372800
319372800
319372800
319372800
319372800
319794688
319794688
319794688
319794688
319794688
319794688
319794688
319794688
319794688
319794688
319794688
319794688
319917568
319917568
319917568
319917568
319917568
319917568
319917568
319917568
319917568
319917568
319917568
319917568
320134656
320134656
320134656
320134656
320134656
320134656
320134656
320134656
320134656
320134656
320134656
320134656
319569408
319569408
319569408
319569408
319569408
319569408
319569408
319569408
319569408
319569408
319569408
319569408
319753728
319753728
319753728
319753728
319753728
319750656
319750656
319750656
319750656
319750656
319750656
319750656
319173120
319173120
319173120
319173120
319173120
319173120
319173120
319173120
319173120
319173120
319173120
319173120
320365056
320365056
320365056
320365056
320369152
320369152
320369152
320369152
320369152
320369152
320369152
320369152
319373824
319373824
319373824
319373824
319377920
319377920
319377920
319377920
319377920
319377920
319377920
319377920
319869440
319869440
319869440
319869440
319869440
319869440
319869440
319869440
319869440
319869440
319869440
319869440
319451648
319451648
319451648
319451648
319451648
319451648
319451648
319451648
319451648
319451648
319451648
319451648
279175680
279175680
279175680
279175680
279175680
279175680
279175680
279175680
279175680
279175680
279175680
279175680
319633920
319664640
319664640
319664640
319664640
319664640
319664640
319664640
319664640
319664640
319664640
319664640
319928832
319959552
319959552
319959552
319959552
319959552
319959552
319959552
319959552
319959552
319959552
319959552
319892992
319922688
319922688
319922688
319922688
319922688
319922688
319922688
319922688
319922688
319922688
269550080
320442880
320442880
320442880
320442880
320442880
320442880
320442880
320442880
320442880
320442880
320442880
319685120
319435264
319435264
319435264
319435264
319435264
319435264
319435264
319435264
319435264
319435264
319435264
319586816
320287232
320287232
320287232
320287232
320287232
320287232
320287232
320287232
320287232
320287232
320287232
319996416
319640064
319640064
319640064
319640064
319640064
319640064
319640064
319640064
319640064
319640064
319640064
319582720
280109568
280109568
280109568
280109568
280109568
280109568
280109568
280109568
280109568
280109568
280109568
320336384
320086528
320086528
320086528
320086528
320086528
320086528
320086528
320086528
320086528
320086528
320086528
279560704
279986688
279986688
279986688
279986688
279986688
279986688
279986688
279986688
279986688
279986688
279986688
324198912
320336384
320336384
320336384
320336384
320340480
320340480
320340480
320340480
320340480
320340480
320340480
280510976
280510976
280510976
280510976
280510976
280519168
280519168
280519168
280519168
280519168
280519168
280519168
279421440
279421440
279421440
279421440
279421440
279421440
279421440
279421440
279421440
279421440
279421440
279421440
320766464
320766464
320766464
320766464
320766464
320766464
320766464
320766464
320766464
320766464
320766464
320766464
320090624
320090624
320090624
320090624
320090624
320090624
320090624
320090624
320090624
320090624
320090624
320090624
280023552
280023552
280023552
280023552
280023552
280023552
280023552
280023552
280023552
280023552
280023552
280023552
280019456
280019456
280019456
280019456
280019456
280019456
280019456
280019456
280019456
280019456
280019456
280019456
320586240
320586240
320586240
320586240
320586240
320586240
320586240
320586240
320586240
320586240
320586240
320586240
320393728
320393728
320393728
320393728
320393728
320393728
320393728
320393728
320393728
320393728
320393728
320393728
320987648
320987648
320987648
320987648
320987648
320987648
320987648
320987648
320987648
320987648
320987648
320987648
320016896
320016896
320016896
320016896
320016896
320016896
320016896
320016896
320016896
320016896
320016896
320016896
320950784
320950784
320950784
320950784
320950784
320950784
320950784
320950784
320950784
320950784
320950784
320950784
320291328
320291328
320291328
320291328
320291328
320291328
320291328
320291328
320291328
320291328
320291328
320291328
320573952
320573952
320573952
320573952
320573952
320573952
320573952
320573952
320573952
320573952
320573952
320573952
320475648
320475648
320475648
320475648
320475648
320475648
320475648
320475648
320475648
320475648
320475648
320475648
280617472
280605184
280605184
280605184
280605184
280605184
280605184
280605184
280605184
280605184
280605184
280605184
280330752
280330752
280330752
280330752
280334848
280334848
280334848
280334848
280334848
280334848
280334848
280334848
280375808
280375808
280375808
280375808
280379904
280379904
280379904
280379904
280379904
280379904
280379904
280379904
320950784
320950784
320950784
320950784
320950784
320950784
320950784
320950784
320950784
320950784
320950784
320950784
280579584
280609280
280609280
280609280
280609280
280609280
280609280
280609280
280609280
280609280
280609280
280609280
320594432
320594432
320594432
320594432
320594432
320594432
320594432
320594432
320594432
320594432
320594432
320594432
320909824
320909824
320909824
320909824
320909824
320909824
320909824
320909824
320909824
320909824
320909824
320909824
280064512
280064512
280064512
280064512
280064512
280064512
280064512
280064512
280064512
280064512
280064512
280957440
321253888
321253888
321253888
321253888
321286656
321286656
321286656
321286656
321286656
321286656
321286656
320942592
320627200
320627200
320627200
320627200
320627200
320627200
320627200
320627200
320627200
320627200
320627200
320270848
321278464
321278464
321278464
321278464
321282560
321282560
321282560
321282560
321282560
321282560
321282560
321184256
320483840
320483840
320483840
320483840
320483840
320483840
320483840
320483840
320483840
320483840
320483840
320295424
320995840
320995840
320995840
320995840
320995840
320995840
320995840
320995840
320995840
320995840
320995840
321122816
321004032
321004032
321004032
321004032
321004032
321004032
321004032
321004032
321004032
321004032
321004032
320397824
321180160
321171968
321171968
321171968
321171968
321171968
321171968
321171968
321171968
321171968
321171968
281162240
320741888
320741888
320741888
320741888
320741888
320741888
320741888
320741888
320741888
320741888
320741888
321368576
321368576
321368576
321368576
321368576
321368576
321368576
321368576
321368576
321368576
321368576
321368576
320840192
320840192
320840192
320840192
320840192
320840192
320840192
320840192
320840192
320840192
320840192
320840192
321552896
321552896
321552896
321552896
321552896
321552896
321552896
321552896
321552896
321552896
321552896
321552896
320811520
320811520
320811520
320811520
320811520
320811520
320811520
320811520
320811520
320811520
320811520
320811520
281047552
281047552
281047552
281047552
281047552
281051648
281051648
281051648
281051648
281051648
281051648
281051648
321204736
321204736
321204736
321204736
321204736
321204736
321204736
321204736
321204736
321204736
321204736
321204736
280928768
280928768
280928768
280928768
280928768
280928768
280928768
280928768
280928768
280928768
280928768
280928768
320987648
320987648
320987648
320987648
320987648
320987648
320987648
320987648
320987648
320987648
320987648
320987648
321499648
321499648
321499648
321499648
321503744
321503744
321503744
321503744
321503744
321503744
321503744
321503744
320995840
320995840
320995840
320995840
320995840
320995840
320995840
320995840
320995840
320995840
320995840
320995840
321618432
321618432
321618432
321618432
321618432
321618432
321618432
321618432
321618432
321618432
321618432
321618432
320967168
320967168
320967168
320967168
320967168
320967168
320967168
320967168
320967168
320967168
320967168
320967168
321683968
321683968
321683968
321683968
321683968
321683968
321683968
321683968
321683968
321683968
321683968
321683968
321110528
321098240
321098240
321098240
321098240
321098240
321098240
321098240
321098240
321098240
321098240
321098240
321511936
321511936
321511936
321511936
321511936
321511936
321511936
321511936
321511936
321511936
321511936
321511936
321098240
321098240
321098240
321098240
321098240
321098240
321098240
321098240
321098240
321098240
321098240
321098240
281412096
281412096
281412096
281412096
281412096
281412096
281412096
281412096
281412096
281412096
281412096
281412096
280867328
280867328
280867328
280867328
280871424
280871424
280871424
280871424
280871424
280871424
280871424
280871424
321827328
321827328
321827328
321827328
321827328
321827328
321827328
321827328
321827328
321827328
321827328
321827328
321180160
321180160
321180160
321180160
321180160
321180160
321180160
321180160
321180160
321180160
321180160
321180160
321626624
321626624
321626624
321626624
321626624
321626624
321626624
321626624
321626624
321626624
321626624
321626624
321290752
321270272
321270272
321270272
321270272
321270272
321270272
321270272
321270272
321270272
321270272
321270272
322040320
322040320
322040320
322040320
322040320
322040320
322040320
322040320
322040320
322040320
322040320
322040320
321290752
321290752
321290752
321290752
321290752
321290752
321290752
321290752
321290752
321290752
321290752
321290752
321729024
321729024
321729024
321729024
321729024
321729024
321729024
321729024
321729024
321729024
321729024
357605888
280834560
280834560
280834560
280834560
280834560
280834560
280834560
280834560
280834560
280834560
280834560
321176064
321597952
321597952
321597952
321597952
321597952
321597952
321597952
321597952
321597952
321597952
321597952
362390016
321090048
321090048
321090048
321090048
321090048
321090048
321090048
321090048
321090048
321090048
321090048
361181696
362213888
362213888
362213888
362213888
362213888
362213888
362213888
362213888
362213888
362213888
362213888
361755136
321159680
321159680
321159680
321159680
321163776
321163776
321163776
321163776
321163776
321163776
321163776
361746944
362508800
362508800
362508800
362508800
362512896
362512896
362512896
362512896
362512896
362512896
362512896
282001920
321516032
321499648
321499648
321499648
321499648
321499648
321499648
321499648
321499648
321499648
321499648
282006016
282006016
282006016
282006016
282006016
282006016
282006016
282006016
282006016
282006016
282006016
282006016
281260544
281260544
281260544
281260544
281260544
281260544
281260544
281260544
281260544
281260544
281260544
281260544
281715200
281715200
281715200
281715200
281715200
281719296
281719296
281719296
281719296
281719296
281719296
281719296
321765888
321765888
321765888
321765888
321765888
321765888
321765888
321765888
321765888
321765888
321765888
321765888
321806848
321806848
321806848
321806848
321806848
321806848
321806848
321806848
321806848
321806848
321806848
321806848
321237504
321237504
321237504
321237504
321237504
321237504
321237504
321237504
321237504
321237504
321237504
321237504
322384384
322384384
322384384
322384384
322384384
322384384
322384384
322384384
322384384
322384384
322384384
322384384
321458688
321458688
321458688
321458688
321458688
321458688
321458688
321458688
321458688
321458688
321458688
321458688
322257408
322257408
322257408
322257408
322257408
322257408
322257408
322257408
322257408
322257408
322257408
322257408
321413632
321413632
321413632
321413632
321413632
321413632
321413632
321413632
321413632
321413632
321413632
321413632
322388480
322388480
322388480
322388480
322388480
322388480
322388480
322388480
322388480
322388480
322388480
322388480
321372672
321372672
321372672
321372672
321372672
321372672
321372672
321372672
321372672
321372672
321372672
321372672
322167296
322373120
320325120
319505920
338982400
304170496
298624512
299867648
299613696
300215808
260290048
301180416
300643840
300779008
296750592
297049600
296762880
297434624
296748544
297788928
296662528
297516544
296611328
257396224
296472064
297690624
296740352
257738240
283215360
276913664
294456832
271703552
296797696
324081152
297256448
297195008
296443392
297520640
296668672
297764352
296539648
297465344
296769024
297721344
296754688
297311744
296934912
297350656
256726528
257566208
256839168
257756672
255737344
258838016
257017344
258622976
256452096
257875456
257687040
257396224
296922624
298688000
299834880
300727808
301329920
301792768
305364480
299313664
301595136
298793472
316885504
299252224
298510848
301185536
298564096
260913664
298478080
296786432
297573888
297577984
298130944
296947200
297835008
297507328
297499136
297462272
297208320
304540160
303880704
322317824
324070912
321270272
321165824
321616384
321635840
321705472
321521152
322086400
322291200
321517056
322516480
323180032
321873408
322893312
322287104
322827776
322446848
323507712
321889792
322909696
322397696
322151936
323192320
322602496
322213376
323266048
322635264
322479616
323241472
323528192
323753472
323921408
322766336
322778624
321365504
321508864
321832448
321525248
321705472
320964096
321558016
321115648
321299968
321754624
321328640
321402368
322811392
321517056
322569728
322815488
322647552
322360832
322807296
322942464
322995712
323204608
323085824
323200512
323372544
281220608
275109376
275109376
275109376
275109376
275109376
332776960
313549312
313549312
313549312
313549312
313549312
313549312
313549312
313549312
313549312
313549312
313549312
312959488
313623040
313623040
313623040
313623040
313623040
313623040
313623040
313623040
313623040
313623040
313623040
313733632
272503296
272503296
272503296
272503296
272503296
272503296
272503296
272503296
272503296
272503296
272503296
273777152
274657792
274657792
274657792
274657792
274657792
274657792
274657792
274657792
274657792
274657792
274657792
313942528
313573888
313573888
313573888
313573888
313573888
313573888
313573888
313573888
313573888
313573888
313573888
313266688
314081792
314037760
314081792
314081792
314081792
314081792
314081792
314081792
314081792
314081792
314081792
313295360
313053696
313053696
313053696
313053696
313053696
313053696
313053696
313053696
313053696
313053696
313053696
313262592
314044928
314044928
314044928
314044928
314044928
314044928
314044928
314044928
314044928
314044928
314044928
273764864
313369088
313369088
313369088
313369088
313369088
313369088
313369088
313369088
313369088
313369088
313369088
313946624
314294784
314294784
314294784
314294784
314294784
314294784
314294784
314294784
314294784
314294784
314294784
313405952
313405952
313405952
313405952
313405952
313405952
313405952
313405952
313405952
313405952
313405952
313405952
313799168
313799168
313799168
313799168
313799168
313799168
313799168
313799168
313799168
313799168
313799168
313799168
313499136
313467392
313498112
313498112
313498112
313498112
313498112
313498112
313498112
313498112
313498112
313498112
314202624
314202624
314202624
314202624
314202624
314202624
314202624
314202624
314202624
314202624
314202624
314202624
313391616
313391616
313391616
313391616
313391616
313391616
313391616
313391616
313391616
313391616
313391616
313391616
314141184
314141184
314141184
314141184
314145280
314145280
314145280
314145280
314145280
314145280
314145280
314145280
313686528
313686528
313686528
313686528
313690624
313690624
313690624
313690624
313690624
313690624
313690624
313690624
314014208
314014208
314014208
314014208
314014208
314014208
314014208
314014208
314014208
314014208
314014208
314014208
314014208
314014208
314014208
314014208
314014208
314014208
314014208
314014208
314009088
314009088
314009088
314009088
323589632
323589632
323589632
323589632
323589632
323589632
323589632
323589632
323589632
323589632
323589632
323589632
323589632
323589632
323589632
323589632
323589632
323589632
323589632
323589632
323589632
323589632
323589632
323589632
323589632
323589632
323589632
323589632
323589632
323589632
323589632
323589632
323589632
323589632
323589632
323589632
323589632
323589632
323589632
323589632
323589632
323589632
323589632
323589632
323589632
323589632
323589632
323589632
323589632
323589632
323589632
323589632
323589632
323589632
323589632
323589632
323589632
323589632
323589632
323589632
323589632
323589632
323589632
323589632
323589632
323589632
323589632
323589632
323589632
323589632
323589632
323589632
323589632
323589632
323589632
323589632
323589632
323589632
323589632
323589632
323589632
323589632
323589632
323589632
323589632
323589632
323589632
323589632
323589632
323589632
323589632
323589632
323589632
323589632
323589632
323589632
323589632
323589632
323589632
323589632
323589632
323589632
323589632
323589632
323589632
323589632
323589632
323589632
323589632
323589632
323589632
323589632
323589632
323589632
323589632
323589632
274004480
314138112
314142208
314142208
314458624
314458624
314458624
314458624
314458624
314458624
314458624
314458624
314458624
314458624
314458624
314458624
313668096
313668096
313668096
313668096
313668096
313668096
313668096
313668096
313668096
313668096
313668096
313668096
314442240
314442240
314442240
314442240
314442240
314442240
314442240
314442240
314442240
314442240
314442240
314442240
314274304
314274304
314274304
314274304
314274304
314274304
314274304
314274304
314274304
314274304
314274304
314274304
314777088
314777088
314777088
314777088
314777088
314777088
314777088
314777088
314777088
314777088
314777088
314777088
313916928
313916928
313916928
313916928
313916928
313916928
313916928
313916928
313916928
313916928
313916928
313916928
314424832
314424832
314424832
314424832
274144768
274144768
274144768
274144768
274144768
274144768
274144768
274144768
273923584
273923584
273923584
273923584
273923584
273923584
273923584
273923584
273923584
273923584
273923584
354139648
314715648
314715648
314715648
314715648
314715648
314715648
314715648
314715648
314715648
314715648
314715648
314449408
314052096
314052096
314052096
314052096
314052096
314052096
314052096
314052096
314052096
314052096
314052096
313695744
314818048
314818048
314818048
314818048
314822144
314822144
314822144
314822144
314822144
314822144
314822144
314899968
314318336
314318336
314318336
314318336
314318336
314318336
314318336
314318336
314318336
314318336
314318336
313949696
315067904
315067904
315067904
315067904
315067904
315067904
315067904
315067904
315067904
315067904
315067904
314629632
314060288
314060288
314060288
314060288
314060288
314060288
314060288
314060288
314060288
314060288
314060288
313884160
274689536
274689536
274689536
274689536
274705920
274705920
274705920
274705920
274705920
274705920
274705920
275258880
314646016
314646016
314646016
314646016
314646016
314646016
314646016
314646016
314646016
314646016
314646016
315760128
314727936
314727936
314727936
314727936
314727936
314727936
314727936
314727936
314727936
314727936
314727936
314048000
314048000
314048000
314048000
314048000
314052096
314052096
314052096
314052096
314052096
314052096
314052096
314732032
314732032
314732032
314732032
314732032
314732032
314732032
314732032
314732032
314732032
314732032
314732032
273513984
273513984
273513984
273513984
273513984
273513984
273513984
273513984
273513984
273513984
273513984
273513984
314830336
314830336
314830336
314830336
314830336
314830336
314830336
314830336
314830336
314830336
314830336
314830336
314273280
314273280
314273280
314273280
314273280
314273280
314273280
314273280
314273280
314273280
314273280
314273280
273833472
273866240
273866240
273866240
273866240
273866240
273865216
273865216
273865216
273865216
273865216
273865216
314157568
314157568
314157568
314157568
314157568
314157568
314157568
314157568
314157568
314157568
314157568
314157568
314853888
314853888
314853888
314853888
314853888
314853888
314853888
314853888
314853888
314853888
314853888
314853888
314128896
314128896
314128896
314128896
314128896
314128896
314128896
314128896
314128896
314128896
314128896
314128896
274250240
274250240
274250240
274250240
274250240
274250240
274250240
274250240
274250240
274250240
274250240
274250240
314788352
314788352
314788352
314788352
314788352
314788352
314788352
314788352
314789376
314789376
314789376
314789376
315010560
315010560
315010560
315010560
315010560
315010560
315010560
315010560
315010560
315010560
315010560
315010560
313871872
313871872
313871872
313871872
313622016
313622016
313622016
313622016
313622016
313622016
313622016
313622016
314973696
314973696
314973696
314973696
314973696
314973696
314973696
314973696
314973696
314973696
314973696
314973696
314408448
314408448
314408448
314408448
314408448
314408448
314408448
314408448
314408448
314408448
314408448
314408448
274652672
274652672
274652672
274652672
274652672
274652672
274652672
274652672
274652672
274652672
274652672
274652672
315534848
315534848
315534848
315534848
315534848
315534848
315534848
315534848
315534848
315534848
315534848
315534848
314904064
314904064
314904064
314904064
314904064
314904064
314904064
314904064
314904064
314904064
314904064
314904064
314060288
314060288
314060288
314059264
314063360
314063360
314063360
314063360
314063360
314063360
314063360
314182144
314698240
314698240
314698240
314698240
274524672
274524672
274524672
274524672
274524672
274518528
274518528
274518528
275505664
275505664
275505664
275505664
275505664
275505664
275505664
275505664
275505664
275505664
275505664
275505664
315089408
315089408
315089408
315089408
315089408
315089408
315089408
315089408
315089408
315089408
315089408
315613696
314581504
314581504
314581504
314581504
314581504
314581504
314581504
314581504
314581504
314581504
314581504
314221056
314966528
314966528
314966528
314966528
314966528
314966528
314966528
314966528
314966528
314966528
314966528
314573312
314253824
314253824
314253824
314253824
314253824
314253824
314253824
314253824
314253824
314253824
314253824
314597888
315499008
315499008
315499008
315499008
315499008
315499008
315499008
315499008
315499008
315499008
315499008
314782208
314380800
314380800
314380800
314380800
314397184
314397184
314397184
314397184
314397184
314397184
314397184
314565120
315716096
315716096
315716096
315716096
315716096
315716096
315716096
315716096
315716096
315716096
315716096
275190272
314413568
314413568
314413568
314413568
314417664
314417664
314417664
314417664
314417664
314417664
314417664
315179520
315179520
315179520
315179520
315179520
315179520
315179520
315179520
315179520
315179520
315179520
315179520
314552832
314552832
314552832
314552832
314552832
314552832
314552832
314552832
314552832
314552832
314552832
314552832
274649600
274649600
274649600
274649600
274649600
274649600
274649600
274649600
274649600
274649600
274649600
274649600
315879936
315879936
315879936
315879936
315879936
315879936
315879936
315879936
315879936
315879936
315879936
315879936
315011584
315011584
315011584
315011584
315015680
315015680
315015680
315015680
315015680
315015680
315015680
315015680
314790400
314790400
314790400
314790400
314790400
314790400
314790400
314790400
314790400
314790400
314790400
314790400
315277824
315277824
315277824
315277824
315277824
315277824
315277824
315277824
315277824
315277824
315277824
315277824
314634752
314634752
314634752
314634752
314634752
314634752
314634752
314634752
314634752
314634752
314634752
314634752
315355648
315355648
315355648
315355648
315355648
315355648
315355648
315355648
315355648
315355648
315355648
315355648
314688000
314688000
314688000
314688000
314692096
314692096
314692096
314692096
314692096
314692096
314692096
314692096
315703808
315703808
315703808
315703808
315707904
315580928
315616768
315646464
315645440
315644416
315644416
315644416
314676736
314676736
314676736
314676736
314676736
314676736
314676736
314674688
314674688
314674688
314674688
314671616
315195904
315195904
315195904
315195904
315193856
315193856
315193856
315193856
315193856
315193856
315187712
315187712
274289152
274289152
274289152
274289152
274289152
274289152
274289152
274289152
274289152
274289152
274289152
274289152
315519488
315519488
315519488
315519488
315519488
315519488
315548160
315548160
315548160
315548160
315548160
315548160
314941952
314941952
314941952
314941952
314941952
314941952
314941952
314941952
314941952
314941952
314941952
314941952
274842112
274842112
274842112
274842112
274842112
274842112
274842112
274842112
274842112
274842112
274842112
274842112
274723328
274723328
274772480
274772480
274772480
274772480
274772480
274772480
274772480
274772480
274772480
274772480
315671040
315671040
315671040
315671040
315671040
315671040
315671040
315671040
315671040
315671040
315671040
315671040
314868224
314868224
314868224
314868224
314868224
314868224
314868224
314868224
314868224
314868224
314868224
314868224
274661888
274661888
274661888
274661888
274661888
274661888
274661888
274661888
274661888
274661888
274661888
274661888
315568640
315568640
315568640
315568640
315568640
315568640
315568640
315568640
315568640
315551232
315551232
315588096
315833856
315833856
315833856
315833856
315837952
315837952
315837952
315837952
315837952
315837952
315837952
315182592
274542080
274542080
274542080
274542080
274542080
274542080
274542080
274542080
274542080
274542080
274542080
314867200
315674112
315674112
315674112
315674112
315674112
315674112
315674112
315674112
315674112
315674112
315674112
314961408
274460160
274460160
274460160
274460160
274464256
274464256
274464256
274464256
274464256
274464256
274464256
274742784
275975680
275975680
275975680
275975680
275975680
275975680
275975680
275975680
275975680
275975680
275975680
315637248
315047424
315047424
315047424
315047424
315047424
315047424
315047424
315047424
315047424
315047424
315047424
314924544
315854336
315854336
315854336
315854336
315854336
315854336
315854336
315854336
315854336
315854336
315854336
315305472
314916352
314916352
314916352
314916352
314916352
314916352
314916352
314916352
314916352
314916352
314916352
275049984
315657728
315657728
315657728
315657728
315657728
315657728
315657728
315443712
315469312
315436544
315466240
279396864
274821632
274821632
274821632
274821632
274825728
274822656
274821632
274821632
274821632
274821632
274821632
316011008
316009984
315874816
315962880
315989504
315989504
315989504
315989504
315989504
315989504
315989504
315989504
314891776
314891776
314891776
314891776
314891776
314891776
314891776
314891776
314891776
314859008
314859008
314859008
275398144
275398144
275398144
275398144
275398144
275430912
275430912
275430912
275430912
275430912
275430912
275430912
275897856
275897856
275897856
275897856
275897856
275897856
275897856
275897856
275897856
275897856
275897856
275897856
315608576
315608576
315608576
315608576
315608576
315608576
315608576
315608576
315608576
315608576
315608576
315608576
314887680
314887680
314887680
314887680
314891776
314891776
314891776
314891776
314891776
314984960
314984960
314984960
315750912
315750912
315750912
315750912
315750912
315750912
315750912
315750912
315750912
315750912
315750912
315750912
315234816
315234816
315234816
315234816
315234816
315234816
315234816
315234816
315234816
315234816
315234816
315234816
315775488
315775488
315775488
315775488
315779584
315779584
315779584
315779584
315779584
315779584
315779584
315779584
315021824
315021824
315021824
315021824
315021824
315021824
315021824
315021824
315021824
315021824
315021824
315021824
315755008
315755008
315755008
315755008
315755008
315755008
315755008
315755008
315755008
315755008
315755008
315755008
315206144
315206144
315206144
315206144
315210240
315210240
315210240
315210240
315210240
315210240
315210240
315210240
315828736
315828736
315828736
315828736
315828736
315828736
315828736
315828736
315828736
315828736
315828736
315828736
315390464
315390464
315390464
315390464
315390464
315390464
315390464
315390464
315390464
315390464
315390464
315390464
315763200
315763200
315763200
315763200
315767296
315767296
315767296
315767296
315767296
315767296
315767296
315767296
315308544
315308544
315308544
315308544
315308544
315308544
315308544
315308544
315308544
315308544
315308544
315308544
315931136
315931136
315930112
315930112
315930112
315930112
315930112
315930112
315930112
315930112
315930112
315930112
315360768
315360768
315360768
315360768
315360768
315360768
315360768
315360768
315360768
315360768
315360768
315360768
316167680
316167680
316167680
316167680
316167680
316167680
316167680
316167680
316167680
316167680
316167680
316167680
315143680
315143680
315143680
315143680
315143680
315143680
315143680
315143680
315143680
315143680
315143680
315143680
316081664
316081664
316081664
316081664
316081664
316081664
316081664
316081664
316081664
316081664
316081664
316081664
315520512
315520512
315520512
315520512
315520512
315520512
315520512
315520512
315520512
315520512
315520512
315520512
315987456
315987456
315987456
315987456
315987456
315987456
315987456
315987456
315987456
315987456
315987456
315987456
315450880
315450880
315450880
315450880
315450880
315450880
315450880
315450880
315450880
315450880
315450880
315450880
316012032
316012032
316012032
316012032
316012032
316012032
316012032
316012032
316012032
316012032
316012032
316012032
315688448
315688448
315688448
315688448
315692544
315692544
315692544
315692544
315692544
315692544
315692544
315454976
316118528
316118528
316118528
316118528
316122624
316122624
316122624
316122624
316122624
316122624
316122624
315758080
315545088
315545088
315545088
315545088
315545088
315545088
315545088
315545088
315545088
315545088
315545088
315545088
316118528
316118528
316118528
316118528
316118528
316118528
316118528
316118528
316118528
316118528
316118528
315885056
315868672
315868672
315868672
315868672
315868672
315868672
315868672
315868672
315868672
315868672
315868672
315106816
316077568
316077568
316077568
316077568
316077568
316077568
316077568
316077568
316077568
316077568
316077568
316237312
315704832
315704832
315704832
315704832
315704832
315704832
315704832
315704832
315704832
315704832
315704832
275564032
316225024
316225024
316225024
316225024
316225024
316225024
316225024
316225024
316225024
316225024
316225024
275994112
315610624
315610624
315610624
315610624
315610624
315610624
315610624
315610624
315610624
315610624
315610624
320415232
316593664
316593664
316593664
316593664
316593664
316593664
316593664
316593664
316593664
316593664
316593664
315569664
315569664
315569664
315569664
315569664
315602432
315602432
315602432
315602432
315602432
315602432
315602432
316249600
316249600
316249600
316249600
316249600
316249600
316249600
316249600
316249600
316249600
316249600
316249600
315774464
315774464
315774464
315774464
315774464
315774464
315774464
315774464
315774464
315774464
315774464
315774464
316474880
316474880
316474880
316474880
316474880
316474880
316474880
316474880
316474880
316474880
316474880
316474880
315885056
315885056
315885056
315885056
315885056
315885056
315885056
315885056
315885056
315788800
315788800
315788800
316313088
316313088
316313088
316313088
316310016
316310016
316310016
316310016
316310016
316310016
316409344
316409344
315614720
315614720
315614720
315614720
315614720
315614720
315614720
315812352
315765248
315532800
315530752
315530752
316141056
316140032
316140032
316355072
316480000
316363264
316363264
316593664
316711424
316711424
316711424
316862976
316477952
316477952
316477952
316477952
316477952
316477952
316477952
316477952
316253696
316253696
316253696
316371456
317022720
317022720
317129216
317129216
317129216
317129216
317129216
317129216
317129216
317129216
317129216
317129216
316539392
316539392
316539392
316539392
316539392
316539392
316539392
316539392
316539392
316539392
316539392
316539392
317202944
317202944
317202944
317202944
317202944
317202944
317202944
316978688
316978688
316978688
316978688
316978688
316350976
316350976
316350976
316457472
316457472
316457472
316457472
316232192
316232192
316232192
316350976
316350976
276902400
277008896
277008896
277008896
277008896
277066240
277066240
277066240
277066240
277066240
277066240
277066240
316875264
316875264
316875264
316875264
316875264
316875264
316643840
316642816
316642816
316642816
316764672
316764672
316842496
316953088
316953088
316953088
316953088
316953088
316953088
316953088
316953088
316953088
316953088
316953088
317006336
317006336
317006336
317006336
317006336
317006336
317006336
317006336
317006336
316774912
316774912
316774912
316946944
317067776
317067776
317067776
317178368
317178368
317178368
317178368
317178368
317225472
317225472
317225472
316606976
316375552
316375552
316374528
316374528
316374528
316552704
316552704
316552704
316664320
316664320
316664320
317221376
317221376
317221376
317221376
317221376
317221376
317221376
317221376
317221376
317221376
317221376
317221376
316877312
316877312
316877312
316877312
316877312
316877312
316877312
316877312
316877312
316877312
316877312
316877312
317606400
317606400
317606400
317606400
317606400
317606400
317606400
317374976
317374976
317374976
317374976
317374976
316813824
316813824
316813824
316934656
316934656
316934656
317045248
317045248
317045248
317045248
317045248
317045248
317266432
317266432
317266432
317266432
317266432
317266432
317266432
317266432
317266432
317266432
317266432
317266432
317413888
317413888
317413888
317413888
317413888
317413888
317413888
317413888
317413888
317413888
317413888
317413888
276924928
276924928
276924928
276924928
276924928
276924928
276924928
276924928
276924928
276924928
276924928
277510656
277633536
277633536
277633536
277633536
277633536
277633536
277633536
277633536
277633536
277633536
277633536
316713472
317298176
317297152
317297152
317297152
317297152
317417984
317417984
317417984
317528576
317528576
317528576
317020672
316770816
316770816
316770816
316770816
316770816
316770816
316770816
316770816
316770816
316770816
316770816
316606976
317343232
317381120
317381120
317381120
317381120
317381120
317381120
317381120
317148672
317147648
317147648
317229568
317138432
317138432
317138432
317249024
317016576
317016576
317016576
317016576
317016576
317138432
317138432
316990976
317638144
317638144
317638144
317638144
317638144
317638144
317638144
317638144
317638144
317638144
317638144
317232640
317015552
317015552
316784128
316784128
316783104
316783104
316783104
316904960
316784128
316784128
316783104
316299776
317277696
317277696
317277696
317155840
317155840
317155840
317155840
317155840
317277696
317277696
317277696
277849600
317371904
317371904
317371904
317371904
317371904
317371904
317371904
317371904
317371904
317371904
317371904
320591360
317744640
317744640
317512192
317512192
317516288
317638144
317638144
317638144
317748736
317748736
317748736
317158912
317158912
317158912
317158912
317158912
317163008
317163008
317163008
317163008
317163008
317163008
317163008
317728256
317728256
317728256
317728256
317728256
317496832
317496832
317495808
317495808
317495808
317617664
317617664
317523456
317634048
317634048
317634048
317634048
317634048
317634048
317634048
317634048
317634048
317634048
317634048
317847040
317847040
317792768
317847040
317847040
317847040
317847040
317847040
317847040
317847040
317847040
317847040
317265408
317265408
317265408
317265408
317265408
317265408
317265408
317265408
317265408
317265408
317265408
317265408
317953536
317953536
317953536
317953536
317957632
317957632
317957632
317957632
317957632
317957632
317957632
317957632
317507072
317507072
317507072
317507072
317507072
317507072
317507072
317275648
317275648
317274624
317274624
317274624
317900288
317900288
317900288
318010880
318010880
318010880
318010880
318010880
318010880
318010880
318010880
318010880
317609472
317609472
317609472
317609472
317609472
317609472
317609472
317609472
317609472
317609472
317609472
317609472
318133760
318133760
318133760
318133760
318133760
318133760
318133760
318133760
318133760
318133760
318133760
318133760
317396480
317396480
317396480
317396480
317396480
317396480
317396480
317396480
317396480
317396480
317396480
317396480
318092800
318092800
318092800
318092800
318096896
318096896
318096896
318096896
318096896
317865472
317865472
317864448
316967424
316967424
317089280
317089280
317089280
317199872
317199872
317199872
317199872
317199872
317199872
317199872
318035456
318035456
318035456
318035456
318035456
318035456
318035456
318035456
318035456
318035456
318035456
318035456
317756928
317756928
317756928
317756928
317756928
317756928
317756928
317756928
317756928
317756928
317756928
317756928
318006784
318006784
318006784
318006784
318006784
318006784
318006784
318006784
318006784
318006784
318006784
318006784
317548032
317548032
317548032
317548032
317548032
317548032
317548032
317548032
317548032
317548032
317548032
317316608
317812224
317811200
317811200
317811200
317933056
317933056
317933056
318043648
318043648
318043648
318043648
318043648
317818368
317818368
317818368
317818368
317818368
317818368
317818368
317818368
317818368
317818368
317818368
317818368
277472768
277472768
277472768
277472768
277472768
277472768
277472768
277472768
277472768
277472768
277472768
277472768
318203392
318203392
318203392
318203392
318203392
318203392
318203392
318203392
318203392
318203392
318203392
318203392
318100992
318100992
318100992
318100992
318100992
318100992
318100992
318100992
318100992
318100992
318100992
318100992
317339136
317107712
317107712
317106688
317106688
317228544
317228544
317228544
317339136
317339136
317339136
317339136
318469632
318469632
318469632
318469632
318469632
318469632
318469632
318469632
318469632
318469632
318469632
318469632
317634048
317634048
317634048
317634048
317634048
317634048
317634048
317634048
317634048
317634048
317634048
317634048
318531072
318531072
318531072
318531072
318531072
318531072
318531072
318531072
318531072
318531072
318531072
318531072
317986304
317986304
317986304
317986304
317986304
317986304
317986304
317986304
317986304
317986304
317986304
317986304
318604800
318604800
318604800
318373376
318373376
318372352
318372352
318494208
318494208
318494208
318604800
318604800
317908480
317908480
317908480
317908480
317941248
317941248
317941248
317941248
317941248
317941248
317941248
317949440
318866944
318866944
318866944
318866944
278259200
278259200
278259200
278259200
278259200
278259200
278259200
318752256
318268928
318268928
318268928
318268928
318273024
318273024
318273024
318273024
318273024
318273024
318273024
317748736
318457344
318457344
318457344
318457344
318457344
318457344
318457344
318457344
318457344
318457344
318457344
318129664
317867520
317867520
317867520
317867520
317636096
317636096
317635072
317635072
317635072
317756928
317756928
318277120
319026688
319026688
319026688
319026688
319026688
319026688
319026688
319026688
319026688
319026688
319026688
318289408
317826560
317826560
317826560
317826560
317826560
317826560
317826560
317826560
317826560
317826560
317826560
318367232
319460864
319460864
319460864
319460864
319460864
319460864
319460864
319460864
319460864
319460864
319460864
279074304
318268928
318268928
318268928
318268928
318273024
318273024
318273024
318273024
318273024
318273024
318273024
326604288
318721536
318721536
318720512
318842368
318842368
318842368
318721536
318721536
318720512
318720512
318720512
277657088
277657088
277657088
277767680
277767680
277767680
277767680
277767680
277767680
277767680
277767680
277767680
318969344
318969344
318969344
318969344
318969344
318969344
318969344
318969344
318969344
318969344
318969344
318969344
318604800
318604800
318604800
318604800
318604800
318604800
318604800
318604800
318604800
318604800
318604800
318604800
318891520
318891520
318891520
318891520
318891520
318891520
318891520
318891520
318891520
318891520
318891520
318891520
278730240
278070784
278070784
278070784
278070784
278070784
278070784
278070784
278070784
277839360
277839360
277838336
318999040
318999040
319120896
319120896
319124992
319235584
319235584
319235584
319235584
319235584
319235584
319235584
318629376
318629376
318629376
318629376
318629376
318629376
318629376
318629376
318629376
318629376
318629376
318629376
319178240
319178240
319178240
319178240
319178240
319178240
319178240
319178240
319178240
319178240
319178240
319178240
278017536
278017536
278017536
278017536
278017536
278017536
278017536
278017536
278017536
278017536
278017536
278017536
318952960
318952960
318952960
318952960
318952960
318952960
318952960
318952960
318952960
318952960
318952960
318721536
318148096
318147072
318147072
318147072
318268928
318268928
318268928
318379520
318379520
318367232
318367232
318367232
319362560
319362560
319322624
319362560
319370752
319370752
319370752
319370752
319370752
319370752
319370752
319370752
318711296
318711296
318711296
318711296
318711296
318711296
318711296
318711296
318711296
318711296
318711296
318711296
319051264
319051264
319051264
319051264
319055360
319055360
319055360
319055360
319055360
319055360
319055360
319055360
318207488
318207488
318207488
318207488
318207488
318207488
318207488
318207488
318207488
318207488
318207488
318207488
319288832
319057408
319057408
319056384
319056384
319178240
319178240
319178240
319288832
319288832
319288832
319288832
320484864
318391808
318391808
318391808
318391808
318391808
318391808
318391808
318391808
318391808
318391808
318391808
319317504
319317504
319317504
319317504
319317504
319317504
319317504
319317504
319317504
319317504
319317504
319317504
318256640
318256640
318256640
318256640
318256640
318256640
318256640
318256640
318256640
318256640
318256640
318256640
319313408
319313408
319313408
319313408
319313408
319313408
319313408
319313408
319313408
319313408
319313408
319313408
318674432
318674432
318674432
318443008
318443008
318441984
318441984
318563840
318563840
318563840
318674432
318674432
318952960
318952960
318952960
318952960
318952960
318952960
318952960
318952960
318952960
318952960
318952960
319047168
318416384
318416384
318416384
318416384
318416384
318416384
318416384
318416384
318416384
318416384
318416384
318248448
319342080
319342080
319342080
319342080
319342080
319342080
319342080
319342080
319342080
319342080
319342080
319215104
318580224
318580224
318580224
318580224
318580224
318580224
318580224
318580224
318580224
318580224
318580224
318404096
319174144
319174144
319174144
319174144
318942720
318942720
318941696
318941696
318941696
319063552
319063552
318973440
318801408
318801408
318801408
318801408
318801408
318801408
318801408
318801408
318801408
318801408
318801408
318711296
319723008
319723008
319723008
319723008
319723008
319723008
319723008
319723008
319723008
319723008
319723008
279221760
318735872
318735872
318735872
318735872
318735872
318735872
318735872
318735872
318735872
318735872
318735872
321582592
319436288
319436288
319436288
319436288
319436288
319436288
319436288
319436288
319436288
319436288
319436288
318608896
318608896
318608896
318608896
318608896
318608896
318608896
318377472
318377472
318376448
318376448
318376448
321709568
319444480
319444480
319555072
319555072
319559168
319559168
319559168
319559168
319559168
319559168
319559168
318772736
318772736
318772736
318772736
318772736
318772736
318772736
318772736
318772736
318772736
318772736
318772736
321861120
319469056
319469056
319469056
319469056
319469056
319469056
319469056
319469056
319469056
319469056
319469056
318682624
318682624
318682624
318682624
318682624
318682624
318682624
318682624
318682624
318682624
318682624
318682624
319841792
319841792
319841792
319841792
319841792
319841792
319841792
319841792
319841792
319610368
319610368
319609344
318700032
318700032
318821888
318821888
318821888
318932480
318932480
318932480
318932480
318932480
318932480
318932480
320124416
320124416
320124416
320124416
320128512
320128512
320128512
320128512
320128512
320128512
320128512
320128512
319284736
319284736
319284736
319284736
319284736
319284736
319284736
319284736
319284736
319284736
319284736
319284736
361825792
359732736
359732736
359732736
359732736
359732736
359732736
359732736
359732736
359732736
359732736
359732736
319075840
319075840
319075840
319075840
319075840
319075840
319075840
319075840
319075840
319075840
319075840
318844416
319569408
319568384
319568384
319568384
319690240
319690240
319690240
319800832
319800832
319800832
319800832
319800832
318830080
318830080
318830080
318830080
318830080
318830080
318830080
318830080
318830080
318830080
318830080
318830080
319829504
319829504
319829504
319829504
319829504
319829504
319829504
319829504
319829504
319829504
319829504
319829504
319223296
319223296
319223296
319223296
319223296
319223296
319223296
319223296
319223296
319223296
319223296
319223296
319403520
319403520
319403520
319403520
319403520
319403520
319403520
319403520
319403520
319403520
319403520
319403520
319211008
318979584
318979584
318978560
318978560
319100416
319100416
319100416
319211008
319211008
319211008
319211008
279045632
279045632
279045632
279045632
279045632
279045632
279045632
279045632
279045632
279045632
279045632
279045632
319461888
319461888
319461888
319461888
319461888
319461888
319461888
319461888
319461888
319461888
319461888
319461888
279407104
279407104
279407104
279407104
279407104
279407104
279407104
279407104
279407104
279407104
279407104
279407104
319408640
319408640
319408640
319408640
319408640
319408640
319408640
319408640
319408640
319408640
319408640
319408640
319871488
319871488
319871488
319640064
279273984
279398912
279398912
279520768
279520768
279520768
279632384
279632384
319818240
319818240
319818240
319818240
319818240
319818240
319818240
319818240
319818240
319818240
319818240
319097344
319867392
319867392
319867392
319867392
319867392
319867392
319867392
319867392
319867392
319867392
319867392
319461888
319048192
319048192
319048192
319048192
319048192
319048192
319048192
319048192
319048192
319048192
319048192
319093248
320285184
320285184
320285184
320285184
320285184
320285184
320285184
320285184
320285184
320285184
320285184
319863296
319273472
319273472
319273472
319273472
319042048
319042048
319042048
319042048
319042048
319162880
319162880
318974464
320100864
320100864
320100864
320100864
320100864
320100864
320100864
320100864
320100864
320100864
320100864
319584768
319281664
319281664
319281664
319281664
319281664
319281664
319281664
319281664
319281664
319281664
319281664
321067520
279595520
279595520
279595520
279595520
279595520
279595520
279595520
279595520
279595520
279595520
279595520
323435008
319986176
319986176
319986176
319986176
319986176
319986176
319986176
319986176
319986176
319986176
319986176
322394624
320117248
320117248
320117248
320117248
320117248
320117248
319885824
319885824
319885824
319885824
319885824
319314432
319314432
319314432
319425024
319425024
319425024
319425024
319425024
319425024
319425024
319425024
319425024
320195072
320195072
320195072
320195072
320195072
320195072
320195072
320195072
320195072
320195072
320195072
320195072
319797760
319797760
319797760
319797760
319801856
319801856
319801856
319801856
319801856
319801856
319801856
319801856
320465408
320465408
320465408
320465408
320465408
320465408
320465408
320465408
320465408
320465408
320465408
320465408
319474176
319474176
319474176
319474176
319474176
319474176
319474176
319474176
319474176
319242752
319242752
319242752
320352768
320352768
320473600
320473600
320473600
320584192
320584192
320584192
320584192
320584192
320584192
320584192
319695360
319695360
319695360
319695360
319695360
319695360
319695360
319695360
319695360
319695360
319695360
319695360
322746880
320719360
320719360
320719360
320719360
320719360
320719360
320719360
320719360
320719360
320719360
320719360
279370240
279370240
279370240
279370240
279370240
279370240
279370240
279370240
279370240
279370240
279370240
279370240
281356800
281356800
281356800
281356800
281356800
281356800
281356800
281356800
281356800
281356800
281356800
281125376
323473920
320070144
320070144
320070144
320190976
320190976
320190976
320301568
320301568
320301568
320301568
320301568
320543232
320543232
320543232
320543232
320543232
320543232
320543232
320543232
320543232
320543232
320543232
320543232
319814144
319814144
319814144
319814144
319814144
319814144
319814144
319814144
319814144
319814144
319814144
319814144
320461312
320423424
320461312
320461312
320461312
320461312
320461312
320461312
320461312
320461312
320461312
320461312
320584192
320584192
320584192
320584192
320584192
320584192
320584192
320584192
320584192
320584192
320584192
320584192
320637440
320406016
320406016
320406016
320406016
320526848
320526848
320526848
320637440
320637440
320637440
320637440
279681536
279681536
279681536
279681536
279681536
279681536
279681536
279681536
279681536
279681536
279681536
279681536
320928256
320928256
320928256
320928256
320928256
320928256
320928256
320928256
320928256
320928256
320928256
320928256
320047616
320047616
320047616
320047616
320047616
320047616
320047616
320047616
320047616
320047616
320047616
320047616
320911872
320911872
320911872
320911872
320948736
320948736
320948736
320948736
320948736
320948736
320948736
320920064
320182784
320182784
319964672
319951360
319951360
319951360
319951360
320072192
320072192
320072192
320182784
330701312
320817664
320817664
320817664
320817664
320817664
320817664
320817664
320817664
320817664
320817664
320817664
320432640
319969792
319969792
319969792
319969792
319969792
319969792
319969792
319969792
319969792
319969792
319969792
319867392
320473600
320473600
320473600
320473600
320473600
320473600
320473600
320473600
320473600
320473600
320473600
320424448
320145920
320145920
320145920
320145920
320145920
320145920
320145920
320145920
320145920
320145920
320145920
319707648
320375296
320375296
320375296
320375296
320143872
320143872
320143872
320143872
320143872
320264704
320264704
320096768
319822336
319822336
319822336
319822336
319822336
319822336
319822336
319822336
319822336
319822336
319822336
320780800
320780800
320780800
320780800
320780800
320780800
320780800
320780800
320780800
320780800
320780800
320780800
320252416
320252416
320252416
320252416
320252416
320256512
320256512
320256512
320256512
320256512
320256512
320256512
320702976
320702976
320702976
320702976
320702976
320702976
320702976
320702976
320702976
320702976
320702976
320702976
320076288
320076288
320076288
320076288
320076288
320076288
320076288
319844864
319844864
319844864
319844864
319844864
320829952
320829952
320829952
320940544
320940544
320940544
320940544
320940544
320940544
320940544
320940544
320940544
320084480
320084480
320084480
320084480
320084480
320084480
320084480
320084480
320084480
320084480
320084480
320084480
321120768
321120768
321120768
321120768
321120768
321120768
321120768
321120768
321120768
321120768
321120768
321120768
320384512
320384512
320384512
320384512
320388608
320388608
320388608
320388608
320388608
320388608
320388608
320388608
320724480
320724480
320724480
320724480
320728576
320728576
320728576
320728576
320728576
320497152
320497152
320496128
320348672
320348672
320470528
320470528
320474624
320585216
320585216
320585216
320585216
320585216
320585216
320585216
321080832
321080832
321080832
321080832
321080832
321080832
321080832
321080832
321080832
321080832
321080832
321080832
320142848
320142848
320142848
320142848
320142848
320142848
320142848
320142848
320142848
320142848
320142848
320142848
321031680
321031680
321031680
321031680
321031680
321031680
321031680
321031680
321031680
321031680
321031680
321031680
320622080
320622080
320622080
320622080
320626176
320626176
320626176
320626176
320626176
320626176
320626176
320394752
321656320
321159680
321159680
321159680
321281536
321281536
321281536
321392128
321392128
321392128
321392128
321392128
320585216
320585216
320585216
320585216
320593408
320593408
320593408
320593408
320593408
320593408
320593408
320593408
321367552
321367552
321367552
321367552
321367552
321367552
321367552
321367552
321367552
321367552
321367552
321367552
320638464
320638464
320638464
320638464
320638464
320638464
320638464
320638464
320638464
320638464
320638464
320638464
321625600
321625600
321625600
321625600
321625600
321625600
321625600
321625600
321625600
321625600
321625600
321625600
320708096
320476672
320476672
320475648
320475648
320597504
320597504
320597504
320708096
320708096
320708096
320708096
321412608
321412608
321412608
321412608
321412608
321412608
321412608
321412608
321412608
321412608
321412608
321412608
280526336
280526336
280526336
280526336
280526336
280526336
280526336
280526336
280526336
280526336
280526336
280526336
281259520
281259520
281259520
281259520
281259520
281259520
281259520
281259520
281259520
281259520
281259520
321674752
320859648
320859648
320859648
320859648
320859648
320859648
320859648
320859648
320859648
320859648
320859648
320871936
321687040
321687040
321455616
321455616
321454592
321454592
321454592
321576448
321576448
321576448
321687040
321515008
321072640
321072640
321072640
321072640
321072640
321072640
321072640
321072640
321072640
321072640
321072640
320728576
321555968
321555968
321555968
321555968
321555968
321555968
321555968
321555968
321555968
321555968
321555968
321232384
280407552
280407552
280407552
280407552
280444416
280444416
280444416
280444416
280444416
280444416
280444416
281607680
282447360
282447360
282447360
282447360
282447360
282447360
282447360
282447360
282447360
282447360
282447360
321457664
320968192
320968192
320968192
320968192
320736768
320736768
320735744
320735744
320735744
320857600
320857600
280552960
321340928
321340928
321340928
321340928
321340928
321340928
321340928
321340928
321340928
321340928
321340928
324625920
320792064
320792064
320792064
320792064
320792064
320792064
320792064
320792064
320792064
320792064
320792064
321385984
321385984
321385984
321385984
321385984
321385984
321385984
321385984
321385984
321385984
321385984
321385984
321304064
320816640
320816640
320816640
320816640
320816640
320816640
320816640
320816640
320816640
320816640
320816640
321472000
321472000
321472000
321472000
321472000
321472000
321472000
321240576
321239552
321239552
321239552
321239552
324130304
320673280
320673280
320783872
320783872
320792064
320792064
320792064
320792064
320792064
320792064
320792064
321517056
321517056
321517056
321517056
321517056
321517056
321517056
321517056
321517056
321517056
321517056
321517056
280634880
280634880
280634880
280634880
280634880
280634880
280634880
280634880
280634880
280634880
280634880
280634880
285484544
280868352
280868352
280868352
280868352
280872448
280872448
280872448
280872448
280872448
280872448
280872448
280991232
280991232
280991232
280991232
280995328
280995328
280995328
280995328
280995328
280763904
280763904
280762880
280816128
280816128
280937984
280937984
280937984
281048576
281048576
281048576
281048576
281048576
281048576
281048576
321533440
321533440
321533440
321533440
321533440
321533440
321533440
321533440
321533440
321533440
321533440
321533440
321746432
321746432
321707520
321746432
321746432
321746432
321746432
321746432
321746432
321746432
321746432
321746432
321193472
321193472
321193472
321193472
321193472
321193472
321193472
321193472
321193472
321193472
321193472
321193472
321955328
321955328
321955328
321955328
321955328
321955328
321955328
321955328
321955328
321955328
321955328
321723904
321146368
321145344
321145344
321145344
321267200
321267200
321267200
321377792
321377792
321377792
321377792
321377792
322684416
321578496
321578496
321578496
321582592
321582592
321582592
321582592
321582592
321582592
321582592
321582592
280806912
280806912
280806912
280806912
280806912
280806912
280806912
280806912
280806912
280806912
280806912
280806912
282678784
282678784
282678784
282678784
282678784
282678784
282678784
282678784
282678784
282678784
282678784
282678784
320906752
320906752
320906752
320906752
320906752
320906752
320906752
320906752
320906752
320906752
320906752
320906752
281925120
281692672
281692672
281692672
281692672
281814528
281814528
281814528
281925120
281925120
281925120
281925120
321459712
321459712
321459712
321459712
321459712
321459712
321459712
321459712
321459712
321459712
321459712
321459712
321684992
321684992
321684992
321684992
321684992
321684992
321684992
321684992
321684992
321684992
321684992
321684992
280884736
280884736
280884736
280884736
280884736
280884736
280884736
280884736
280884736
280884736
280884736
280884736
281208320
281208320
281208320
281208320
281208320
281208320
281208320
281208320
281208320
281208320
281208320
282326528
282248704
282248704
282018304
282017280
282016256
282016256
282016256
282138112
282138112
282138112
282248704
321213952
322086400
322086400
322086400
322086400
322086400
322086400
322086400
322086400
322086400
322086400
322086400
321467904
321345024
321345024
321345024
321345024
321345024
321345024
321345024
321345024
321345024
321345024
321345024
321443328
281683456
281683456
281683456
281683456
281716224
281716224
281716224
281716224
281683456
281683456
281683456
281798144
281699840
281699840
281699840
281699840
281699840
281699840
281699840
281699840
281699840
281699840
281699840
321238528
322065920
322065920
322065920
322065920
321834496
321833472
321833472
321833472
321833472
321955328
321955328
281667072
321206784
321206784
321206784
321206784
321206784
321206784
321206784
321206784
321206784
321206784
321206784
322587136
322587136
322587136
322587136
322587136
322587136
322587136
322587136
322587136
322587136
322587136
322587136
281627136
281627136
281627136
281627136
281627136
281627136
281627136
281627136
281627136
281627136
281627136
281627136
322759168
322759168
322759168
322759168
322759168
322759168
322759168
322759168
322759168
322759168
322759168
322759168
321587712
321587712
321587712
321587712
321587712
321587712
321587712
321356288
321356288
321356288
321356288
321356288
322066944
322066944
322066944
322177536
322177536
322177536
322177536
322177536
322177536
322177536
322177536
322177536
321567232
321567232
321567232
321567232
321567232
321567232
321567232
321567232
321567232
321567232
321567232
321567232
324418048
282176000
282176000
282176000
282176000
282176000
282176000
282176000
282176000
282176000
282176000
282176000
321268224
321268224
321268224
321268224
321268224
321268224
321268224
321268224
321268224
321268224
321268224
321268224
322738688
322738688
322738688
322738688
322738688
322738688
322738688
322738688
322738688
322507264
322507264
322506240
321506816
321506816
321628672
321628672
321628672
321739264
321739264
321739264
321739264
321739264
321739264
321739264
322652672
322652672
322652672
322652672
322652672
322652672
322652672
322652672
322652672
322652672
322652672
322652672
322009600
322009600
322009600
322009600
322009600
322009600
322009600
322009600
322009600
322009600
322009600
322009600
326363648
322611712
322611712
322619904
322619904
322619904
322619904
322619904
322619904
322619904
322619904
322619904
281672192
281672192
281672192
281672192
281672192
281672192
281672192
281672192
281672192
281672192
281672192
281440768
283443712
283443712
283443712
283564544
283564544
283564544
283675136
283675136
283675136
283675136
283675136
283675136
324164096
322050560
322050560
322050560
322050560
322050560
322050560
322050560
322050560
322050560
322050560
322050560
322644480
322644480
322644480
322644480
322648576
322648576
322648576
322648576
322648576
322648576
322648576
322648576
321747456
321747456
321747456
321747456
321747456
321747456
321747456
321747456
321747456
321747456
321747456
321747456
322664960
322664960
322664960
322664960
322669056
322669056
322669056
322669056
322669056
322669056
322669056
322669056
322189824
321958400
321958400
321958400
321958400
322079232
322079232
322079232
322189824
322173440
322173440
322173440
322746880
322746880
322746880
322746880
322750976
322750976
322750976
322750976
322750976
322750976
322750976
322750976
322181632
322181632
322181632
322181632
322185728
322185728
322185728
322185728
322185728
322185728
322185728
322185728
322808320
322808320
322808320
322808320
322808320
322808320
322808320
322808320
322808320
322808320
322808320
290839040
322157056
322157056
322157056
322157056
322157056
322157056
322157056
322157056
322157056
322157056
322157056
321858048
322841088
322841088
322609664
322609664
322608640
322608640
322608640
322730496
322730496
322718208
322828800
322832896
322484736
322484736
322484736
322484736
322484736
322484736
322484736
322484736
322484736
322484736
322484736
322103808
322972160
322972160
322972160
322972160
322972160
322972160
322972160
322972160
322972160
322972160
322972160
322550272
322259456
322259456
322259456
322259456
322259456
322259456
322259456
322259456
322259456
322259456
322259456
321866240
322832896
322832896
322832896
322832896
322832896
322832896
322832896
322832896
322791936
322791936
322791936
283105792
322398720
322398720
322398720
322398720
322167296
322167296
322166272
322166272
322166272
322288128
322288128
325286400
323254784
323254784
323254784
323254784
323254784
323254784
323254784
323254784
323254784
323254784
323254784
321997312
321997312
321997312
321997312
321997312
321997312
321997312
321997312
321997312
321997312
321997312
321997312
322791936
322791936
322791936
322791936
322791936
322791936
322791936
322791936
322791936
322791936
322791936
322791936
322329088
322329088
322329088
322329088
322329088
322333184
322333184
322333184
322333184
322333184
322333184
322333184
322730496
322730496
322730496
322730496
322730496
322730496
322730496
322499072
322499072
322499072
322499072
322499072
322177536
322177536
322177536
322288128
322288128
322288128
322288128
322288128
322288128
322255360
322255360
322255360
322615808
322615808
322615808
322615808
322615808
322615808
322615808
322615808
322615808
322615808
322615808
322615808
322464256
322464256
322464256
322464256
322464256
322464256
322464256
322464256
322464256
322464256
322464256
322464256
322906624
322906624
322906624
322906624
322906624
322906624
322906624
322906624
322906624
322894336
322894336
322894336
325749248
281991680
281991680
281991680
281991680
281991680
281991680
281991680
281991680
281727488
281727488
281727488
283492864
283492864
283613696
283613696
283613696
283724288
283724288
283724288
283724288
283724288
283724288
283724288
322431488
322431488
322431488
322431488
322431488
322431488
322431488
322431488
322431488
322431488
322431488
322431488
327043584
323066368
323066368
323066368
323066368
323066368
323066368
323066368
323066368
323066368
323066368
323066368
322599424
322599424
322599424
322599424
322599424
322599424
322599424
322599424
322599424
322599424
322599424
322599424
325069312
323111424
323071488
323111424
323111424
323111424
323111424
323111424
323111424
323111424
323172864
322941440
322032128
322032128
322032128
322152960
322152960
322152960
322263552
322263552
322263552
322263552
322263552
322263552
323422720
323422720
323422720
323422720
323422720
323422720
323422720
323422720
323422720
323422720
323422720
323422720
322533888
322533888
322533888
322533888
322537984
322537984
322537984
322537984
322537984
322537984
322537984
322537984
323320320
323320320
323320320
323320320
323320320
323320320
323320320
323320320
323320320
323320320
323320320
323320320
322681344
322681344
322681344
322681344
322681344
322681344
322681344
322681344
322681344
322681344
322681344
322681344
323140096
322908672
322908672
322907648
322907648
323029504
323029504
323029504
323140096
323140096
323140096
323140096
323000832
323000832
323000832
323000832
323000832
323000832
323000832
323000832
323000832
323000832
323000832
323000832
363239936
363239936
363239936
363239936
363239936
363239936
363239936
363239936
363239936
363239936
363239936
373864960
322435584
322435584
322435584
322435584
322435584
322435584
322435584
322435584
322435584
322435584
322435584
322681344
323435008
323435008
323435008
323435008
323435008
323435008
323435008
323435008
323435008
323435008
323435008
322869760
322476544
322476544
322476544
322245120
322245120
322245120
322245120
322365952
322365952
322365952
322476544
322267648
323103232
323103232
323103232
323103232
323107328
323107328
323107328
323107328
323107328
323107328
323107328
322759168
282421760
282421760
282421760
282421760
282421760
282421760
282421760
282421760
282405376
282405376
282405376
333113856
283150848
283150848
283150848
283150848
283150848
283150848
283150848
283150848
283150848
283150848
283150848
283544064
322701824
322701824
322701824
322701824
322705920
322705920
322705920
322705920
322705920
322705920
322705920
323635712
323635712
323635712
323635712
323635712
323405312
323404288
323404288
323404288
323371520
323492352
323492352
322681344
322791936
322791936
322791936
322791936
322791936
322791936
322791936
322791936
322791936
322791936
322791936
325835264
323709440
323709440
323709440
323709440
323709440
323709440
323709440
323709440
323709440
323709440
323709440
322849280
322849280
322849280
322849280
322849280
322849280
322849280
322849280
322849280
322849280
322849280
322849280
323545600
323545600
323545600
323545600
323545600
323545600
323545600
323545600
323545600
323545600
323545600
323545600
322882048
322882048
322882048
322882048
322882048
322882048
322882048
322650624
322650624
322650624
322650624
322650624
325728768
323582464
323582464
323693056
323693056
323693056
323693056
323693056
323693056
323693056
323693056
323693056
282413568
282413568
282413568
282413568
282417664
282417664
282417664
282417664
282417664
282417664
282417664
282417664
323824128
323824128
323824128
323824128
323824128
323824128
323824128
323824128
323824128
323824128
323824128
323824128
326273536
322886144
322914816
322914816
322914816
322914816
322914816
322914816
322914816
322914816
322914816
322914816
283249152
283249152
283249152
283249152
283249152
283249152
283249152
283249152
283249152
283017728
283017728
283017728
282432000
282432000
282552832
282552832
282552832
282663424
282663424
282663424
282663424
282663424
282663424
282663424
283085312
283085312
283085312
283085312
283085312
283085312
283085312
283085312
283085312
283085312
283085312
283085312
323619328
323619328
323619328
323619328
323619328
323619328
323619328
323619328
323619328
323619328
323619328
323619328
323705344
323705344
323705344
323705344
323705344
323705344
323705344
323705344
323705344
323672576
323672576
323672576
322853376
322853376
322853376
322853376
322853376
322853376
322853376
322853376
322853376
322853376
322853376
322621952
323699200
323699200
323699200
323699200
323820032
323820032
323820032
323930624
323930624
323930624
323930624
323930624
323373568
323373568
323373568
323373568
323373568
323373568
323373568
323373568
323373568
323373568
323373568
323373568
283568640
283568640
283568640
283568640
283572736
283572736
283572736
283572736
283572736
283572736
283572736
283572736
282794496
282794496
282794496
282794496
282794496
282794496
282794496
282794496
282794496
282794496
282794496
282794496
324078080
324078080
324078080
324078080
324078080
324078080
324078080
324078080
324078080
324078080
324078080
324078080
323275264
323043840
323043840
323043840
323080704
323201536
323201536
323201536
323312128
323312128
323312128
323312128
283679232
283679232
283679232
283679232
283679232
283679232
283679232
283679232
283679232
283679232
283679232
323873280
323361280
323361280
323361280
323361280
323361280
323361280
323361280
323361280
323361280
323361280
323361280
323430912
324295168
324295168
324295168
324295168
324299264
324299264
324299264
324299264
324299264
324299264
324299264
323717632
282872320
282872320
282872320
282872320
282872320
282872320
282872320
282872320
282872320
282872320
282872320
323127808
323877376
323877376
323877376
323645952
323645952
323645952
323645952
323766784
323766784
323766784
323877376
323561984
323324416
323324416
323324416
323324416
323328512
323328512
323328512
323328512
323328512
323328512
323328512
282823168
283322880
283322880
283322880
283322880
283322880
283322880
283322880
283322880
283322880
283322880
283322880
287754752
284301824
284301824
284301824
284301824
284301824
284301824
284301824
284301824
284301824
284301824
284301824
324016640
324016640
324016640
324016640
324016640
324016640
324016640
324016640
324016640
324016640
324016640
324016640
285243904
323324416
323324416
323324416
323324416
323092992
323092992
323092992
323092992
323092992
323213824
323213824
326035968
323721728
323721728
323721728
323721728
323721728
323721728
323721728
323721728
323721728
323721728
323721728
323582464
323582464
323582464
323582464
323582464
323582464
323582464
323582464
323582464
323582464
323582464
323582464
323910144
323910144
323910144
323910144
323910144
323910144
323910144
323910144
323910144
323869184
323869184
323869184
323734016
323734016
323734016
323734016
323734016
323734016
323734016
323734016
323734016
323734016
323734016
323734016
324135424
324135424
324135424
324135424
324139520
324139520
324139520
323908096
323908096
323908096
323908096
323908096
283171328
283171328
283171328
283281920
283281920
283281920
283281920
283281920
283281920
283281920
283281920
283281920
324344320
324344320
324344320
324344320
324344320
324344320
324344320
324344320
324344320
324344320
324344320
324344320
283220480
283220480
283220480
283220480
283220480
283220480
283220480
283220480
283220480
283220480
283220480
283220480
283830784
283830784
283791872
283830784
283834880
283834880
283834880
283834880
283834880
283834880
283834880
283834880
323799552
323799552
323799552
323799552
323799552
323799552
323799552
323799552
323799552
323568128
323568128
323568128
324174336
324174336
324295168
324295168
324295168
324405760
324405760
324405760
324405760
324405760
324405760
324405760
323897856
323897856
323897856
323897856
323901952
323901952
323901952
323856896
323856896
323856896
323856896
323856896
324979200
324979200
324979200
324979200
324979200
324979200
324979200
324979200
324979200
324979200
324979200
324979200
324016640
324016640
324016640
324016640
324016640
324016640
324016640
324016640
324016640
324016640
324016640
324016640
324512256
324512256
324512256
324512256
324512256
324512256
324512256
324512256
324512256
324512256
324512256
324280832
323375616
323374592
323324416
323446272
323446272
323446272
323557888
323557888
323557888
323557888
323557888
323557888
324790784
324790784
324790784
324790784
324790784
324790784
324790784
324790784
324790784
324790784
324790784
324790784
324057600
324057600
324057600
324057600
324057600
324057600
324057600
324057600
324057600
324057600
324057600
324057600
324332032
324332032
324332032
324332032
324332032
324332032
324332032
324332032
324332032
324332032
324332032
324332032
324168192
324168192
324168192
324168192
324168192
324168192
324168192
324168192
324168192
324168192
324168192
284277248
324295168
324063744
324063744
324063744
324063744
324184576
324184576
324184576
324295168
324295168
324295168
324643328
324209152
324209152
324209152
324209152
324209152
324209152
324209152
324209152
324209152
324209152
324209152
323951104
324848128
324848128
324848128
324848128
324848128
324848128
324848128
324848128
324848128
324848128
324848128
324192768
323770880
323770880
323770880
323770880
283679232
283679232
283679232
283679232
283679232
283679232
283679232
283552256
284543488
284543488
284543488
284543488
284543488
284543488
284543488
284543488
284543488
284543488
284543488
324364800
323951104
323951104
323951104
323719680
323719680
323719680
323719680
323840512
323840512
323840512
323951104
283851264
324803072
324803072
324803072
324803072
324803072
324803072
324803072
324803072
324803072
324803072
324803072
284637696
283748864
283748864
283748864
283748864
283748864
283748864
283748864
283748864
283748864
283748864
283748864
325069312
325069312
325069312
325069312
325069312
325069312
325069312
325069312
325069312
325069312
325069312
325069312
324323840
324119040
324119040
324119040
324119040
324119040
324119040
324119040
324119040
324119040
324119040
324119040
324684288
324684288
324684288
324684288
324684288
324457984
324456960
324456960
324456960
324456960
324577792
324577792
324454912
324286976
324286976
324286976
324286976
324286976
324286976
324286976
324286976
324286976
324286976
324286976
285645312
325118464
325118464
325118464
325118464
325118464
325118464
325118464
325118464
325118464
325118464
325118464
324909568
324667904
324667904
324667904
324667904
324667904
324667904
324667904
324667904
324667904
324667904
324667904
324463104
324463104
324463104
324463104
324463104
324463104
324463104
324463104
324463104
324463104
324463104
324463104
327490048
324168192
324168192
324168192
324168192
324168192
324168192
323936768
323936768
323936768
323936768
323936768
325102080
325102080
325102080
325212672
325216768
325216768
325216768
325216768
325216768
325216768
325216768
325216768
324319744
324319744
324319744
324319744
324319744
324319744
324319744
324319744
324319744
324348416
324348416
324348416
325007872
325007872
325007872
325007872
325007872
325007872
325007872
325007872
325007872
325007872
325007872
325007872
324299264
324299264
324299264
324299264
324299264
324299264
324299264
324299264
324299264
324299264
324299264
324299264
324553216
324553216
324553216
324553216
324553216
324553216
324553216
324553216
324553216
324321792
324321792
324321792
323715584
323715584
323836416
323836416
323836416
323947008
323947008
323947008
323947008
323947008
323947008
323947008
324987392
324987392
324987392
324987392
324987392
324987392
324987392
324987392
324987392
324954624
324954624
324954624
327424512
324065792
324065792
324065792
324065792
324065792
324065792
324065792
324065792
324065792
324065792
324065792
324491776
324491776
324491776
324491776
324491776
324491776
324491776
324491776
324491776
324491776
324491776
324491776
324323840
324323840
324323840
324323840
324323840
324323840
324323840
324323840
324323840
324323840
324323840
324092416
324657664
324657664
324657664
324778496
324778496
324778496
324889088
324889088
324889088
324889088
324889088
324889088
324098560
324098560
324098560
324098560
324098560
324098560
324098560
324098560
324098560
324098560
324098560
324098560
324762112
324762112
324762112
324762112
324762112
324762112
324762112
324762112
324762112
324762112
324762112
324762112
283859456
283859456
283859456
283859456
283859456
283859456
283859456
283859456
283859456
283859456
283859456
283859456
324995584
324995584
324995584
324995584
325048832
325048832
325048832
325048832
325048832
325048832
325048832
325048832
324405760
324174336
324174336
324174336
324174336
324174336
324295168
324295168
324405760
324405760
324405760
332446208
324880896
324880896
324880896
324880896
324880896
324880896
324880896
324880896
324880896
324880896
324880896
324794880
324528640
324528640
324528640
324528640
324528640
324528640
324528640
324528640
324528640
324528640
324528640
324233728
284072448
284072448
284072448
284072448
284072448
284072448
284072448
284072448
284072448
284072448
284072448
324553216
324631040
324631040
324631040
324631040
324631040
324631040
324631040
324631040
324631040
324631040
324631040
324069888
325007872
325007872
325007872
324776448
324776448
324776448
324776448
324897280
324897280
324897280
325007872
324852224
324639232
324639232
324639232
324639232
324639232
324639232
324639232
324639232
324639232
324606464
324606464
284330496
325151232
325151232
325151232
325151232
325151232
325151232
325151232
325151232
325151232
325151232
325151232
324524544
324524544
324524544
324524544
324524544
324524544
324524544
324524544
324524544
324524544
324524544
324524544
325028352
325028352
325028352
325028352
325028352
325028352
325028352
325028352
325028352
325028352
325028352
325028352
324782592
324782592
324782592
324782592
324782592
324551168
324551168
324551168
324551168
324518400
324639232
324639232
325052928
325163520
325163520
325163520
325163520
325163520
325163520
325163520
325163520
325163520
325163520
325163520
324614656
324614656
324614656
324614656
324614656
324614656
324614656
324614656
324614656
324614656
324614656
324614656
365255168
365255168
365255168
365255168
365255168
365255168
365255168
365255168
365255168
365255168
365255168
365255168
328325632
324839936
324839936
324839936
324839936
324839936
324839936
324839936
324839936
324839936
324839936
324839936
327694848
325659136
325659136
325659136
325659136
325659136
325659136
325427712
325427712
325427712
325427712
325427712
324639232
324639232
324639232
324749824
324749824
324749824
324749824
324749824
324749824
324749824
324749824
324749824
325212672
325212672
325212672
325212672
325212672
325212672
325212672
325212672
325212672
325212672
325212672
325212672
324989440
324989440
324989440
324989440
324989440
324989440
324989440
324989440
324989440
324989440
324989440
324989440
325296640
325296640
325296640
325296640
325296640
325296640
325296640
325296640
325296640
325296640
325296640
325296640
328061440
324686336
324686336
324686336
324686336
324686336
324686336
324686336
324686336
324454912
324454912
324454912
325192192
325313024
325313024
325276160
325423616
325423616
325423616
325423616
325423616
325423616
325423616
325423616
324776448
324776448
324776448
324776448
324776448
324776448
324776448
324776448
324776448
324776448
324776448
324776448
325243392
325243392
325243392
325243392
325243392
325243392
325243392
325243392
325243392
325243392
325243392
325243392
324915712
324915712
324915712
324915712
324915712
324915712
324915712
324915712
324915712
324915712
324915712
324915712
325698048
325698048
325698048
325698048
325698048
325698048
325698048
325698048
325698048
325698048
325698048
325466624
324553216
324553216
324553216
324674048
324674048
324674048
324784640
324784640
324784640
324784640
324784640
324784640
325399040
325399040
325399040
325399040
325399040
325399040
325399040
325399040
325399040
325399040
325399040
325399040
325087744
325087744
325087744
325087744
325087744
325087744
325087744
325087744
325087744
325087744
325087744
325087744
325599744
325599744
325599744
325599744
325599744
325599744
325599744
325599744
325599744
325599744
325599744
326074880
325145088
325145088
325145088
325145088
325149184
325149184
325149184
325149184
325149184
325149184
325149184
324366848
325222912
324991488
324944384
324991488
324991488
324991488
324991488
324991488
325093888
325093888
325093888
325224960
324921856
324921856
324921856
324921856
324921856
324921856
324819456
324819456
324819456
324819456
324819456
324286976
325298688
325298688
325298688
325298688
325298688
325298688
325298688
325298688
325298688
325298688
325298688
325097984
324782592
324782592
324782592
324782592
324782592
324782592
324782592
324782592
324782592
324782592
324782592
324569600
325421568
325421568
325421568
325421568
325421568
325421568
325421568
325421568
325421568
325421568
325421568
285510144
324987392
324884992
324883968
324884992
324884992
324884992
325005824
325005824
325005824
325116416
325116416
324866560
326013440
326013440
326013440
326013440
326013440
326013440
326013440
326013440
326013440
326013440
326013440
325104128
325104128
325104128
325104128
325104128
325104128
325104128
325104128
325104128
325104128
325104128
325104128
325677568
325677568
325677568
325677568
325677568
325677568
325677568
325677568
325677568
325677568
325677568
325677568
324932096
324932096
324932096
324932096
324932096
324932096
324932096
324932096
324932096
324932096
324932096
324932096
325800448
325800448
325800448
325800448
325569024
325568000
325568000
325568000
325568000
325568000
325671424
325671424
284486144
284486144
284486144
284486144
284486144
284486144
284486144
284486144
284486144
284486144
284486144
284486144
325573120
325573120
325573120
325573120
325573120
325573120
325573120
325573120
325573120
325573120
325573120
325573120
284707328
284707328
284707328
284707328
284707328
284707328
284707328
284707328
284707328
284707328
284707328
284707328
286136832
286136832
286136832
286136832
286136832
286136832
286136832
286136832
286136832
286136832
286136832
286136832
324852224
324852224
324852224
324852224
324749824
324749824
324749824
324749824
324749824
324870656
324870656
324870656
328184320
325939712
325939712
325939712
325939712
325939712
325939712
325939712
325939712
325939712
325939712
325939712
325169664
325169664
325169664
325169664
325173760
325173760
325173760
325173760
325173760
325173760
325173760
325173760
325538304
325538304
325538304
325538304
325538304
325538304
325538304
325538304
325538304
325538304
325538304
325538304
325399040
325399040
325399040
325399040
325399040
325399040
325399040
325399040
325399040
325399040
325399040
325399040
325526016
325526016
325526016
325526016
325526016
325526016
325294592
325294592
325294592
325294592
325294592
325415424
328733184
325358080
325468672
325468672
325468672
325468672
325468672
325468672
325468672
325468672
325468672
325468672
325767680
325767680
325767680
325767680
325771776
325771776
325771776
325771776
325771776
325771776
325771776
325771776
288518656
284701184
284701184
284701184
284701184
284701184
284701184
284701184
284701184
284660224
284660224
284660224
326328832
326328832
326328832
326328832
326328832
326328832
326328832
326328832
326328832
326328832
326328832
326328832
325120512
325120512
325120512
325120512
325120512
325120512
325120512
325120512
324889088
324889088
324889088
324889088
325816832
325816832
325816832
325927424
325927424
325927424
325927424
325927424
325927424
325927424
325927424
325927424
325419520
325419520
325419520
325419520
325419520
325419520
325419520
325419520
325419520
325419520
325419520
325419520
326042112
326042112
326042112
326042112
326042112
326042112
326042112
326042112
326042112
326042112
326042112
325616128
325317120
325317120
325317120
325317120
325321216
325321216
325321216
325321216
325321216
325321216
325321216
325325312
326255104
326255104
326255104
326255104
326255104
326255104
326255104
326255104
326255104
326023680
326023680
325760512
325363200
325363200
325485056
325485056
325485056
325595648
325595648
325595648
325595648
325595648
325595648
325333504
285803008
285803008
285803008
285803008
285803008
285803008
285803008
285803008
285803008
285803008
285803008
326242816
325546496
325546496
325546496
325546496
325546496
325546496
325546496
325546496
325546496
325546496
325546496
325190144
326365696
326365696
326365696
326365696
326365696
326365696
326365696
326365696
326365696
326365696
326365696
286093824
325300736
325300736
325300736
325300736
325300736
325300736
325300736
325300736
325300736
325300736
325300736
325970432
325970432
325970432
325970432
325970432
326091264
326091264
326091264
326201856
326201856
326201856
326201856
329085440
325763584
325763584
325763584
325763584
325763584
325763584
325763584
325763584
325763584
325763584
325763584
326304256
326304256
326304256
326304256
326304256
326304256
326304256
326304256
326304256
326304256
326304256
326304256
325583360
325583360
325583360
325583360
325583360
325583360
325583360
325583360
325583360
325583360
325583360
325583360
325247488
326230528
326230528
326230528
326230528
326230528
326230528
326230528
326230528
326230528
326230528
326230528
325906944
325906944
325675520
325675520
325675520
325675520
325675520
325796352
325796352
325796352
325906944
325906944
326377984
326377984
326377984
326377984
326377984
326377984
326377984
326377984
326377984
326377984
326377984
326377984
325714432
325714432
325714432
325714432
325714432
325714432
325714432
325714432
325714432
325714432
325714432
325714432
326382080
326382080
326382080
326382080
326382080
326382080
326382080
326382080
326382080
326382080
326382080
326382080
329175552
325829120
325829120
325829120
325829120
325829120
325829120
325829120
325829120
325829120
325829120
325829120
326349312
326349312
326312448
326349312
326117888
326117888
326117888
326117888
326117888
326238720
326238720
326238720
325640704
325640704
325640704
325640704
325640704
325640704
325640704
325640704
325640704
325640704
325640704
325640704
326255104
326255104
326255104
326255104
326255104
326255104
326255104
326255104
326255104
326255104
326255104
326255104
325767680
325767680
325767680
325767680
325767680
325767680
325767680
325767680
325767680
325767680
325767680
325767680
326255104
326255104
326255104
326255104
326263296
326263296
326263296
326263296
326263296
326263296
326263296
326263296
329171456
325718528
325718528
325718528
325718528
325718528
325487104
325487104
325487104
325487104
325487104
325487104
326355456
326457856
326457856
326457856
326457856
326457856
326457856
326457856
326457856
326457856
326457856
326457856
325556736
325556736
325556736
325556736
325556736
325556736
325556736
325556736
325556736
325556736
325556736
325556736
326236672
326236672
326236672
326236672
326236672
326236672
326236672
326236672
326236672
326236672
326236672
326236672
325806592
325806592
325806592
325806592
325806592
325806592
325806592
325806592
325806592
325806592
325806592
325806592
326822400
326822400
326822400
326822400
326822400
326822400
326720000
326720000
326720000
326687232
326687232
326808064
325784064
325784064
325894656
325894656
325894656
325894656
325894656
325894656
325894656
325894656
325894656
304521728
326902272
326902272
326902272
326902272
326902272
326902272
326902272
326902272
326902272
326902272
326902272
326910464
326140416
326140416
326140416
326140416
326140416
326140416
326140416
326140416
326140416
326140416
326140416
325530112
326312448
326312448
326312448
326312448
326312448
326312448
326312448
326312448
326312448
326312448
326312448
326337024
325693952
325693952
325693952
325693952
325693952
325693952
325693952
325693952
325462528
325462528
325462528
325216768
326150656
326271488
326271488
326271488
326382080
326382080
326382080
326382080
326382080
326382080
326382080
326238720
325927424
325927424
325927424
325927424
325927424
325927424
325927424
325927424
325927424
325927424
325927424
285807104
326455808
326455808
326455808
326455808
326455808
326455808
326455808
326455808
326455808
326455808
326455808
326410752
326066688
326066688
326066688
326066688
326066688
326066688
326066688
326066688
326066688
326066688
326066688
326590976
326590976
326590976
326590976
326590976
326590976
326590976
326590976
326590976
326590976
326590976
326359552
325880320
325601792
325601792
325722624
325722624
325722624
325886464
325886464
325886464
325886464
325886464
325886464
326504960
326504960
326504960
326504960
326504960
326504960
326504960
326504960
326504960
326504960
326504960
326504960
326214144
326214144
326214144
326214144
326214144
326214144
326214144
326214144
326214144
326214144
326214144
326214144
326488576
326488576
326488576
326488576
326488576
326488576
326488576
326488576
326488576
326488576
326488576
326488576
329191936
325837312
325837312
325837312
325837312
325837312
325837312
325837312
325837312
325837312
325837312
325837312
326984192
326752768
326752768
326752768
326752768
326873600
326873600
326873600
326984192
326984192
326984192
326984192
326152704
326152704
326152704
326152704
326152704
326152704
326152704
326152704
326152704
326152704
326152704
326152704
326771200
326771200
326771200
326771200
326771200
326771200
326771200
326771200
326771200
326771200
326771200
326771200
326046208
326046208
326046208
326046208
326046208
326046208
326046208
326046208
326046208
326046208
326046208
326046208
286171648
286171648
286171648
286171648
286171648
286171648
286171648
286171648
286171648
286171648
286171648
286171648
326812160
326812160
326581760
326580736
326580736
326580736
326580736
326701568
326701568
326701568
326812160
326812160
330826240
326849024
326849024
326849024
326849024
326849024
326849024
326849024
326849024
326849024
326849024
326849024
325870080
325870080
325870080
325870080
325870080
325870080
325870080
325870080
325870080
325870080
325870080
325870080
326590976
326590976
326590976
326590976
326590976
326590976
326590976
326590976
326590976
326590976
326590976
326590976
326078976
326078976
326078976
326078976
326083072
326083072
326083072
326083072
326083072
326083072
326083072
326083072
326690304
326730240
326730240
326730240
326498816
326498816
326498816
326498816
326498816
326619648
326619648
326619648
326274560
326312448
326312448
326312448
326312448
326312448
326312448
326312448
326312448
326312448
326312448
326312448
326750720
326750720
326750720
326750720
326750720
326750720
326750720
326750720
326750720
326750720
326750720
326750720
326423040
326423040
326423040
326423040
326423040
326423040
326423040
326423040
326423040
326423040
326423040
326423040
327074304
327074304
327074304
327074304
327074304
327074304
327074304
327074304
327074304
327074304
327074304
327426560
326288896
326328832
326328832
326328832
326328832
326328832
326097408
326097408
326097408
326097408
326097408
325968384
286552576
286552576
286663168
286663168
286663168
286663168
286663168
286663168
286663168
286663168
286663168
326869504
326590976
326590976
326590976
326590976
326590976
326590976
326590976
326590976
326590976
326590976
326590976
326042112
326676992
326676992
326676992
326676992
326676992
326676992
326676992
326676992
326676992
326676992
326676992
326431232
326230528
326230528
326201856
326201856
326201856
326201856
326201856
326201856
326201856
326201856
326201856
326316544
286487040
286487040
286487040
286487040
286491136
286491136
286491136
286491136
286259712
286259712
286259712
246569472
286185984
286306816
286306816
286417408
286421504
286421504
286421504
286421504
286421504
286421504
286421504
330265088
326906368
326906368
326906368
326906368
326906368
326906368
326906368
326906368
326906368
326906368
326906368
326205952
326205952
326205952
326205952
326205952
326210048
326210048
326210048
326210048
326210048
326210048
326210048
327262720
327262720
327262720
327262720
327262720
327262720
327262720
327262720
327262720
327262720
327262720
327262720
326791680
326791680
326791680
326791680
326791680
326791680
326791680
326791680
326791680
326791680
326791680
326560256
326179328
327178752
327178752
327299584
327299584
327299584
327410176
327410176
327344640
327344640
327344640
327344640
326566400
326566400
326566400
326566400
326566400
326566400
326566400
326566400
326566400
326566400
326566400
326566400
326992384
326992384
326992384
326992384
326992384
326992384
326992384
326992384
326992384
326992384
326992384
326992384
326590976
326590976
326590976
326590976
326590976
326590976
326590976
326590976
326590976
326590976
326590976
326590976
327676416
327676416
327676416
327676416
327676416
327676416
327676416
327676416
327676416
327676416
327676416
327676416
326922752
326691328
326691328
326691328
326695424
326816256
326816256
326816256
326926848
326926848
326926848
326926848
329581056
327496192
327496192
327496192
327496192
327496192
327496192
327496192
327496192
327496192
327496192
327496192
286593536
286593536
286593536
286593536
286597632
286597632
286597632
286597632
286597632
286597632
286597632
286597632
328618496
328061440
328061440
328061440
328061440
328061440
328061440
328061440
328061440
328061440
328061440
328061440
326816256
326816256
326816256
326816256
326816256
326816256
326816256
326816256
326816256
326787584
326787584
326787584
327148032
327148032
326916608
326916608
326916608
326916608
326916608
327037440
327037440
327037440
327148032
327148032
328888832
326943232
326943232
326943232
326943232
326943232
326943232
326943232
326943232
326926848
326926848
326926848
327467520
327467520
327467520
327467520
327428608
327467520
327467520
327467520
327467520
327467520
327467520
327467520
326898176
326898176
326898176
326898176
326898176
326898176
326898176
326898176
326898176
326898176
326898176
326898176
327434752
327434752
327434752
327434752
327434752
327434752
327434752
327434752
327434752
327434752
327434752
327434752
327057920
327057920
327057920
327057920
326830592
326830592
326830592
326830592
326830592
326951424
326951424
326951424
327938560
327938560
327938560
327938560
327938560
327938560
327938560
327938560
327938560
327938560
327938560
327938560
327070208
327070208
327070208
327070208
327070208
327070208
327070208
327070208
327070208
327070208
327070208
327070208
327647744
327647744
327647744
327647744
327647744
327647744
327647744
327647744
327647744
327647744
327647744
367882752
329368064
327004672
327004672
327004672
327004672
327004672
327004672
327004672
327004672
327004672
327004672
326636032
327438848
327438848
327438848
327438848
327438848
327438848
327207424
327207424
327207424
327207424
327207424
327242240
326976000
326976000
327086592
327086592
327090688
327090688
327090688
327090688
327090688
327090688
327090688
337515008
328253952
328253952
328253952
328253952
328253952
328253952
328253952
328253952
328253952
328253952
328253952
327803392
327246336
327254528
327254528
327254528
327254528
327254528
327254528
327254528
327254528
327254528
327254528
327070208
327946752
327946752
327946752
327946752
327946752
327946752
327946752
327946752
327946752
327946752
327946752
287556096
327098880
327098880
327098880
327098880
327098880
327098880
327098880
327098880
326867456
326867456
326867456
327653888
327653888
327653888
327756288
327756288
327756288
327756288
327756288
327756288
327756288
327756288
327756288
327592448
286710272
286710272
286710272
286710272
286710272
286710272
286710272
286710272
286710272
286710272
286710272
291629568
287894016
287894016
287905280
287905280
287905280
287905280
287905280
287905280
287905280
287905280
287905280
327226880
327226880
327226880
327226880
327226880
327226880
327226880
327226880
327226880
327226880
327226880
327226880
327616000
327616000
327616000
327616000
327616000
327616000
327616000
327616000
327616000
327513600
327513600
327513600
327321088
327442944
327442944
327442944
327557632
327557632
327557632
327557632
327557632
327557632
327557632
327557632
328061440
328061440
328061440
328061440
328061440
328061440
328061440
328061440
328061440
328061440
328061440
328061440
330985984
327078400
327078400
327078400
327078400
327078400
327078400
327078400
327078400
327078400
327078400
327078400
328397312
328397312
328397312
328397312
328413696
328413696
328413696
328413696
328413696
328413696
328413696
328413696
330650112
327188992
327188992
327188992
327193088
327193088
327193088
327193088
327193088
327193088
327193088
326961664
327657984
327657984
327657984
327657984
327778816
327778816
327889408
327889408
327889408
327848448
327848448
327848448
327148032
327148032
327148032
327148032
327148032
327148032
327148032
327148032
327148032
327148032
327148032
327148032
327873024
327873024
327873024
327873024
327873024
327873024
327873024
327873024
327873024
327873024
327873024
327873024
327410176
327410176
327410176
327410176
327410176
327410176
327410176
327410176
327410176
327410176
327410176
327410176
328032768
328032768
328032768
328032768
328032768
328032768
328032768
328032768
327942656
327942656
327942656
327942656
329265664
327133696
327133696
327133696
327133696
327254528
327254528
327254528
327365120
327365120
327365120
327365120
328000000
328000000
328000000
328000000
328000000
328000000
328000000
328000000
328000000
328000000
328000000
328000000
327406080
327406080
327406080
327406080
327406080
327406080
327406080
327406080
327406080
327406080
327406080
327406080
328118784
328118784
328118784
328118784
328118784
328118784
328118784
328118784
328118784
328118784
328118784
328118784
327496192
327496192
327496192
327496192
327496192
327496192
327496192
327496192
327496192
327496192
327496192
327496192
328331776
328331776
328100352
328135168
328135168
328135168
328135168
328257024
328257024
328257024
328368640
328368640
327455232
327455232
327455232
327455232
327455232
327455232
327455232
327455232
327455232
327455232
327455232
292631040
328307200
328307200
328307200
328307200
328307200
328307200
328307200
328307200
328307200
328307200
328307200
327643648
327299584
327299584
327299584
327299584
327299584
327299584
327299584
327299584
327299584
327299584
327299584
327709184
328684032
328684032
328684032
328684032
328684032
328684032
328684032
328684032
328684032
328684032
328684032
328352256
327795200
327795200
327795200
327795200
327563776
327563776
327563776
327563776
327563776
327684608
327684608
337519104
328495616
328495616
328495616
328495616
328495616
328495616
328495616
328495616
328495616
328495616
328495616
328163840
327680512
327680512
327680512
327680512
327680512
327680512
327680512
327680512
327680512
327680512
327680512
289845760
328421888
328421888
328421888
328421888
328421888
328421888
328421888
328421888
328421888
328421888
328421888
328053248
287109632
287109632
287109632
287109632
287109632
287109632
287109632
287109632
287109632
287109632
287109632
287695360
287695360
287695360
287695360
287695360
287695360
287695360
287463936
287463936
287463936
287463936
287463936
332993024
327725568
327725568
327836160
327836160
327836160
327836160
327836160
327836160
327836160
327836160
327836160
328151552
328151552
328151552
328151552
328151552
328151552
328151552
328151552
328151552
328151552
328151552
328151552
328360448
328143360
328143360
328143360
328147456
328147456
328147456
328147456
328147456
328147456
328147456
328147456
328237568
328237568
328237568
328237568
328237568
328237568
328237568
328237568
328237568
328237568
328237568
328237568
330244608
327668224
327668224
327668224
327668224
327668224
327668224
327668224
327668224
327436800
327436800
327436800
328006144
328126976
328126976
328126976
328237568
328237568
328237568
328237568
328237568
328237568
328237568
328237568
327840256
327840256
327840256
327840256
327840256
327840256
327840256
327840256
327840256
327840256
327840256
327840256
328499712
328499712
328499712
328499712
328499712
328499712
328499712
328499712
328499712
328499712
328499712
328499712
328126976
328126976
328126976
328126976
328131072
328131072
328131072
328131072
328131072
328131072
328131072
328131072
330949120
328557056
328557056
328557056
288158208
288158208
288158208
288158208
288158208
288158208
288158208
287926784
288283136
288283136
288283136
288403968
288403968
288403968
288514560
288514560
288514560
288514560
288514560
288514560
328712704
328712704
328674816
328712704
328712704
328712704
328712704
328712704
328712704
328712704
328712704
328712704
328028672
328028672
328028672
328028672
328028672
328028672
328028672
328028672
328028672
328028672
328028672
328028672
288457216
288457216
288457216
288457216
288457216
288457216
288457216
288457216
288457216
288457216
288457216
288457216
287986176
287986176
287986176
287986176
287986176
287986176
287986176
287986176
287986176
287986176
287986176
287986176
288030208
288029184
288029184
288029184
288029184
288150016
288150016
288150016
288260608
288260608
288260608
288260608
287494656
287494656
287494656
287494656
287498752
287498752
287498752
287498752
287498752
287498752
287498752
287498752
289403392
289403392
289403392
289403392
289403392
289403392
289403392
289403392
289403392
289403392
289403392
289403392
328090112
328090112
328090112
328090112
328090112
328090112
328090112
328090112
328090112
328090112
328090112
328090112
328858112
328858112
328858112
328858112
328858112
328858112
328858112
328858112
328858112
328858112
328858112
329439744
328112640
328112640
327881216
327881216
327881216
327881216
327881216
328002048
328002048
328002048
328112640
328124928
328890880
328890880
328890880
328890880
328890880
328890880
328890880
328890880
328890880
328890880
328890880
328681984
328428032
328428032
328428032
328428032
328428032
328428032
328428032
328428032
328428032
328428032
328428032
327936512
328772096
328772096
328772096
328772096
328772096
328772096
328772096
328772096
328772096
328772096
328772096
339339776
327940608
327940608
327940608
327940608
327940608
327940608
327940608
327940608
327940608
327940608
327940608
338291200
328886784
328886784
328886784
328886784
328656384
328655360
328655360
328655360
328655360
328776192
328776192
288492032
327825920
327825920
327825920
327825920
327825920
327825920
327825920
327825920
327825920
327825920
327825920
330421760
329033216
329034240
328472064
328505856
328533504
328532480
328527360
328527360
328527360
328524288
328524288
327844352
327956992
327956992
327956992
328096256
328352256
328351232
328351232
328351232
328351232
328285696
328285696
328740352
328740352
328740352
328740352
328740352
328740352
328740352
328740352
328740352
328740352
328740352
328740352
328773120
328437248
328437248
328437248
328437248
328437248
328437248
328205824
328204800
328204800
328204800
328204800
327802368
328855040
328855040
328965632
328969728
328969728
328969728
328969728
328969728
328969728
328969728
328969728
328117760
328117760
328117760
328117760
328117760
328117760
328117760
328117760
328117760
328117760
328117760
328117760
331177472
329211392
329211392
329211392
329211392
329211392
329211392
329211392
329211392
329211392
329211392
329211392
328175104
328175104
328175104
328175104
328175104
328175104
328175104
328175104
328175104
328175104
328142336
328142336
331136512
328744448
328744448
328744448
328744448
328744448
328744448
328744448
328744448
328512000
328512000
328512000
331588096
328392192
328392192
328392192
287776256
287776256
287776256
287776256
287776256
287776256
287776256
287776256
329367040
329367040
329367040
329367040
329367040
329367040
329367040
329367040
329367040
329367040
329367040
329367040
328252928
328252928
328252928
328252928
328252928
328252928
328252928
328252928
328252928
328252928
328252928
328252928
329018880
329018880
329018880
329018880
329018880
329018880
329018880
329018880
329018880
329018880
329018880
329018880
328090112
328130048
328130048
328130048
328130048
328130048
328130048
328130048
328130048
328130048
328130048
327897600
332870144
328733184
328733184
328855040
328855040
328855040
328965632
328965632
328965632
328965632
328965632
328965632
328502784
328502784
328502784
328502784
328502784
328502784
328502784
328502784
328502784
328502784
328502784
328502784
329223680
329223680
329223680
329223680
329223680
329223680
329223680
329223680
329223680
329223680
329223680
329223680
328539648
328539648
328539648
328539648
328539648
328539648
328539648
328539648
328539648
328539648
328539648
328539648
329248256
329248256
329248256
329248256
329248256
329248256
329248256
329248256
329248256
329248256
329248256
329248256
328304128
328303104
328303104
328303104
328303104
328424960
328424960
328424960
328535552
328535552
328535552
328535552
288529920
288529920
288529920
288529920
288529920
288529920
288529920
288529920
288529920
288529920
288529920
288529920
289279488
289279488
289279488
289279488
287862272
287862272
287862272
287862272
287862272
287862272
287862272
328531456
288538112
288538112
288531968
288531968
288536064
288536064
288536064
288536064
288536064
288536064
288536064
329246208
288527872
288527872
288527872
288527872
288527872
288527872
288527872
288527872
288527872
288527872
288527872
288101888
288962048
288962048
288730624
288729600
288729600
288729600
288729600
288851456
288851456
288851456
288962048
329004544
328680960
328680960
328680960
328680960
328680960
328680960
328680960
328680960
328680960
328680960
328680960
328275456
329397760
329397760
329397760
329397760
329397760
329397760
329397760
329397760
329397760
329397760
329397760
289482240
328762880
328762880
328762880
328762880
328762880
328762880
328762880
328762880
328762880
328762880
328762880
298169856
288798208
288798208
288798208
288798208
288798208
288798208
288798208
288798208
288798208
288798208
288798208
328799744
328799744
328799744
328799744
328799744
328572416
328571392
328571392
328571392
328571392
328693248
328693248
328422912
329512448
329512448
329512448
329512448
329512448
329512448
329512448
329512448
329512448
329496064
329496064
329176576
328689152
328689152
328689152
328689152
328689152
328689152
328689152
328689152
328689152
328689152
328689152
329516544
329516544
329516544
329516544
329516544
329516544
329516544
329516544
329516544
329516544
329516544
329516544
288646656
288646656
288646656
288646656
288650752
288650752
288650752
288650752
288650752
288650752
288650752
288650752
329614848
329614848
329614848
329614848
329614848
329614848
329614848
329382400
329382400
329382400
329382400
329504256
328795648
328795648
328906240
328906240
328906240
328906240
328906240
328906240
328906240
328906240
328906240
328906240
331658752
329459200
329459200
329459200
329459200
329459200
329459200
329459200
329459200
329459200
329459200
329459200
329016832
329016832
329016832
329016832
329016832
329016832
329016832
329016832
329016832
329016832
329016832
329016832
329737728
329737728
329737728
329737728
329737728
329737728
329737728
329737728
329737728
329737728
329737728
329737728
332240384
328721920
328721920
328721920
328721920
328721920
328721920
328721920
328721920
328489472
328489472
328489472
329533952
329655808
329655808
329655808
329766400
329766400
329766400
329766400
329766400
329766400
329766400
329766400
332375552
329025024
329025024
329025024
329025024
329025024
329025024
329025024
329025024
329025024
329025024
329025024
333723136
329741824
329741824
329741824
329741824
329741824
329741824
329741824
329741824
329741824
329741824
329741824
328988160
328988160
328988160
328988160
328988160
328988160
328988160
328988160
328988160
328988160
328988160
328988160
329975296
329975296
329975296
329975296
329975296
329975296
329975296
329975296
329975296
329975296
329743872
329742848
328718848
328718848
328718848
328840704
328840704
328840704
328951296
328951296
328951296
328951296
328951296
328951296
329328128
329328128
329328128
329328128
329328128
329328128
329328128
329328128
329328128
329328128
329328128
329328128
329078272
329078272
329078272
329078272
329078272
329078272
329078272
329078272
329078272
329078272
329078272
329078272
330044928
330044928
330044928
330044928
330007040
330044928
330044928
330044928
330044928
330044928
330044928
330044928
329299456
329299456
329299456
329299456
329299456
329299456
329299456
329299456
329299456
329299456
329299456
339092992
329289216
329288192
329288192
329288192
329288192
329410048
329410048
329410048
329520640
329520640
329520640
329434624
329180672
329180672
329180672
329180672
329180672
329180672
329180672
329180672
329180672
329180672
329180672
339654144
329958912
329958912
329958912
329958912
329958912
329958912
329958912
329958912
329958912
329958912
329958912
329475584
329012736
329012736
329012736
329012736
329012736
329012736
329012736
329012736
329012736
329012736
329012736
339621376
330192384
330192384
330192384
330192384
330192384
330192384
330192384
330192384
330192384
330151424
330151424
289830400
329029120
329029120
328797696
328796672
328796672
328796672
328796672
328918528
328918528
328877568
328988160
339326464
329627136
329627136
329627136
329627136
329627136
329627136
329627136
329627136
329627136
329627136
329627136
329201152
329201152
329201152
329201152
329201152
329201152
329201152
329201152
329201152
329201152
329201152
329201152
339248640
329852416
329852416
329852416
329852416
329852416
329852416
329852416
329852416
329852416
329852416
329852416
329512448
329131520
329131520
329131520
329131520
329131520
329131520
329131520
329131520
329131520
329131520
329131520
329758208
329758208
329758208
329758208
329758208
329525760
329525760
329525760
329525760
329647616
329647616
329647616
289670656
329287168
329287168
329287168
329287168
329287168
329287168
329287168
329287168
329287168
329287168
329287168
329860608
329860608
329860608
329860608
329860608
329860608
329860608
329860608
329860608
329860608
329860608
329860608
332662272
329291264
329291264
329291264
329291264
329291264
329291264
329291264
329291264
329291264
329291264
329291264
329938432
329938432
329938432
329938432
329938432
329938432
329938432
329938432
329938432
329938432
329934336
329934336
332723712
329414144
329414144
329414144
329414144
329414144
329414144
329181696
329181696
329181696
329181696
329303552
330003968
330003968
330114560
330114560
330114560
330114560
330114560
330114560
330114560
330114560
330114560
330114560
329500160
329500160
329500160
329500160
329500160
329500160
329500160
329500160
329500160
329500160
329500160
329500160
330003968
330003968
330003968
330003968
330003968
330003968
330003968
330003968
330003968
330003968
330003968
330003968
329324032
329324032
329324032
329324032
329324032
329324032
329324032
329324032
329324032
329324032
329324032
329324032
333964800
329967104
329967104
329967104
329967104
329967104
329967104
329967104
329967104
329734656
329734656
329734656
329148928
329270784
329270784
329270784
329381376
329381376
329381376
329381376
329381376
329381376
329381376
329381376
330302976
330302976
330302976
330302976
330302976
330302976
330302976
330302976
330302976
330302976
330302976
330302976
329594368
329594368
329594368
329594368
329594368
329594368
329594368
329594368
329594368
329594368
329594368
329594368
330388992
330388992
330388992
330388992
330388992
330388992
330388992
330388992
330388992
330388992
330388992
330388992
329733632
329733632
329733632
329733632
329733632
329733632
329733632
329733632
329733632
329700864
329469440
329468416
330267136
330267136
330267136
330388992
330388992
330388992
330499584
330499584
330499584
330499584
330499584
330839552
329696768
329696768
329696768
329696768
329696768
329696768
329696768
329696768
329696768
329696768
329696768
329356800
330163712
330163712
330163712
330163712
330163712
330163712
330163712
330163712
330163712
330163712
330163712
329889280
289220096
289220096
289220096
289220096
289220096
289220096
289220096
289220096
289220096
289187328
289187328
329426432
330212864
330212864
330212864
330212864
330212864
330212864
330212864
330212864
330212864
330212864
330212864
340178432
329752064
329751040
329751040
329751040
329751040
329872896
329872896
329872896
329983488
329983488
329983488
329422336
330184192
330184192
330184192
330184192
330184192
330184192
330184192
330184192
330184192
330184192
330184192
289904128
329508352
329508352
329508352
329508352
329508352
329508352
329508352
329479680
329479680
329479680
329479680
330077696
330077696
330077696
330077696
330077696
330077696
330077696
330077696
330077696
330077696
330077696
330077696
329995776
329664000
329664000
329664000
329664000
329664000
329664000
329664000
329664000
329664000
329664000
329664000
330425856
330425856
330425856
330194432
330193408
330197504
330197504
330197504
330319360
330319360
330319360
330429952
289224192
289224192
289224192
289224192
289224192
289224192
289224192
289224192
289224192
289224192
289224192
289224192
331077120
331077120
331077120
331077120
331081216
331081216
331081216
331081216
331081216
331081216
331081216
331081216
329807360
329807360
329807360
329807360
329807360
329807360
329807360
329807360
329807360
329807360
329807360
329807360
330249728
330249728
330249728
330249728
330249728
330249728
330249728
330249728
330249728
330249728
330249728
330249728
329917952
329917952
329917952
329917952
329917952
329685504
329685504
329685504
329685504
329807360
329807360
329807360
334480896
330802688
330802688
330802688
330802688
330802688
330802688
330802688
330802688
330802688
330802688
330802688
330331648
330331648
330331648
330331648
330335744
330335744
330335744
330335744
330335744
330335744
330335744
330335744
330302976
330302976
330302976
330302976
330307072
330307072
330307072
330307072
330307072
330307072
330307072
330307072
330241536
330241536
330241536
330241536
330241536
330241536
330241536
330241536
330241536
330241536
330241536
330241536
333075968
330896896
330896896
330896896
330896896
330896896
330896896
330664448
330664448
330664448
330664448
330786304
331929088
329864704
329975296
329975296
329975296
329975296
329975296
329975296
329975296
329975296
329975296
329975296
333235712
330663424
330663424
330663424
330663424
330663424
330663424
330663424
330663424
330663424
330663424
330663424
329750016
329750016
329750016
329750016
329754112
329754112
329754112
329754112
329754112
329745920
329745920
329745920
330300928
330300928
330300928
330421760
330421760
330421760
330532352
330532352
330532352
330532352
330532352
330532352
330028544
330028544
330028544
330028544
330028544
330028544
330028544
330028544
329797120
329796096
329796096
329796096
330758656
330880512
330880512
330880512
330991104
330991104
330991104
330991104
330991104
330991104
330991104
330991104
330302976
330302976
330302976
330302976
330307072
330307072
330307072
330307072
330307072
330307072
330307072
330307072
330941952
330941952
330941952
330941952
330941952
330941952
330941952
330941952
330941952
330941952
330941952
330597888
330245632
330245632
330245632
330245632
330245632
330245632
330245632
330245632
330245632
330245632
330245632
329860608
330757632
330757632
330757632
330757632
290416128
290416128
290416128
290416128
290416128
290416128
290184704
330177024
329955840
329955840
329955840
330077696
330081792
330081792
330192384
330192384
330192384
330192384
330192384
330171904
330982912
330982912
330982912
330982912
330982912
330982912
330982912
330982912
330982912
330982912
330982912
330626560
330212864
330212864
330212864
330212864
330212864
330212864
330212864
330212864
330212864
330212864
330212864
289920512
330647040
330647040
330647040
330647040
330647040
330647040
330647040
330647040
330647040
330647040
330647040
332477952
330311168
330311168
330311168
330311168
330311168
330311168
330311168
330311168
330311168
330311168
330311168
330696192
330464768
330463744
330463744
330463744
330463744
330585600
330585600
330585600
330696192
330663424
330663424
330024448
330024448
330024448
330024448
330024448
330024448
330024448
330024448
330024448
330024448
330024448
330024448
331064832
331064832
331064832
331064832
331064832
331064832
331064832
331064832
331064832
331064832
331064832
331064832
330139136
330139136
330139136
330139136
330139136
330139136
330139136
330139136
330139136
330139136
330139136
330139136
330409472
330409472
330409472
330409472
330409472
330409472
330409472
330409472
330409472
330409472
330409472
330409472
333764096
330417664
330417664
330185216
330185216
330185216
330185216
330185216
330185216
330288640
330288640
330288640
290057728
290057728
290057728
290056704
290056704
290056704
290056704
290056704
290056704
290056704
290056704
290056704
289577472
289577472
289577472
289577472
289577472
289577472
289577472
289577472
289577472
289577472
289577472
289577472
333371904
331151872
331151872
331151872
331155968
331155968
331155968
331155968
331155968
331155968
331155968
331155968
289892864
289892864
289892864
289892864
289892864
289892864
289892864
289892864
289892864
289892864
289892864
289892864
290404864
290404864
290404864
290302464
290302464
290302464
290302464
290424320
290424320
290424320
290534912
290534912
290088448
290088448
290088448
290088448
290092544
290092544
290092544
290092544
290092544
290092544
290092544
290092544
331163136
331163136
331163136
331163136
331167232
331167232
331167232
331167232
331167232
331167232
331167232
331167232
333563392
290072064
290072064
290072064
290072064
290072064
290072064
290072064
290072064
290072064
290072064
290072064
331249152
331249152
331249152
331249152
331249152
331249152
331249152
331249152
331249152
331249152
331249152
331249152
290223616
290223616
290223616
290223616
290223616
289991168
289991168
289991168
289991168
290113024
290113024
290113024
331032064
331032064
331032064
331032064
331032064
331031040
331032064
331031040
331031040
363561472
362833408
362307072
362458624
362086912
363467264
364068352
322725376
321883648
323685888
322633216
323338752
322667008
322728448
322596352
323677696
322764288
324451840
322727424
323542528
323264000
324648448
322826752
321585664
322036224
321608192
322123264
346169856
297572864
296671744
337088000
346552832
298363392
298771968
299125248
298678784
295324160
298220032
299862528
297175552
298633728
297193984
297042432
296346112
258417152
256691712
257973760
255839744
257914368
257029632
257984000
257537536
258319872
280684032
257062400
304344576
258211328
301432320
256196096
303300096
282758656
306056704
297915904
298579456
301295104
322938368
301880832
291018240
301848064
298706432
316706304
298769920
341904896
298962432
302124544
259345920
258027008
299144704
298685952
259294720
298546688
259225088
258615808
299584000
298918400
299880960
298942976
299532800
258892288
260592128
259008000
299875840
299003392
260321792
299835904
300143104
299803136
260141568
299308544
300078592
299504128
300392960
299176448
299942400
258826752
299477504
299088384
299874816
259074560
300087808
299215360
260278784
299409920
300134912
249987584
251060736
290120192
319373824
298979840
300165632
346040832
300521984
299350528
300288512
299276800
299588096
299303424
298238464
299352576
300220928
299254272
300057088
259637760
299502080
259041792
260721152
259291648
258611712
259418624
260905472
259119616
259791360
259226112
259758592
250194432
260413952
304863744
261347840
265370112
300448256
304011776
301590016
304748032
302679552
324290048
301434368
345208320
304788992
300463616
303240704
300135936
339641856
300172800
299279872
300090880
342021632
300451328
259368448
300299776
299419136
300156416
299316736
260052480
259282432
300007936
300663296
300204544
300098048
300257792
299758080
259957248
259179008
300383744
300110336
260256256
299516416
300372480
299393536
260145664
259338752
300347904
299155968
299741696
299930112
300645888
299627008
300724736
299571712
300775936
260008448
300562944
259561984
300415488
300144128
300586496
259507712
260269568
299759104
266753536
272971264
340772352
339748352
300271104
298571264
300152320
299537920
259667456
299513344
300295680
299456000
300406272
299718144
300021248
299570688
300541440
260519424
260293120
259789312
260280832
258601472
260547072
259568128
260653568
259510784
219935232
301847040
260305408
304685568
260616704
305693184
301842944
305328640
301568512
302707200
301781504
340353536
301867520
341815808
304376320
260470272
306009600
259962368
303498752
260716032
339453440
260580864
299521536
300480000
259503616
300844544
259917312
300214784
259525120
300448256
299264512
300591616
259672576
300415488
299595264
300217856
299443712
300197376
259872256
299996672
299591168
260174336
300810752
261040640
259435008
300120576
300530176
300837376
260282880
300554752
259598848
300964352
299866624
300403200
299477504
300812800
299599360
300189184
299425280
300445184
299736576
300817920
299683328
300961280
248348160
261094912
259542528
263044608
298704384
314519040
345030144
300539392
299994624
298663424
299146752
300121600
300199424
300482048
299592192
300444160
299588096
300509696
299510272
260149760
259530240
259956224
259644928
260773376
260306432
260199936
301262336
300144128
303138304
276493824
302753280
260802048
308024832
303142400
302872064
303814144
305571328
301891072
300338688
301904384
290124288
306942464
300476928
303557120
300156416
330950144
299972096
299582976
300140032
259352064
300504576
299980288
300559872
300383744
300292608
299846144
299846144
299465216
299898368
299385344
300076544
300088832
300380672
259330560
300220928
259735040
300584448
259341824
300613120
259353088
301116928
299499008
259637760
299993600
300263936
259426816
260236800
299278848
300352000
299595264
300489216
300550656
260220416
298882560
300066304
259200512
260388352
299963904
260433408
260625920
300332544
259326464
300335616
260289024
255405568
309337600
257121792
276094464
340037120
342998528
300817920
299384320
300170752
299286016
299830784
299908608
300486144
299634176
300465664
299499008
300584448
260069888
260622848
258501120
260319744
260393472
260348416
259037696
260684288
304486912
260811264
260905472
261249536
304626176
302504448
301459968
302524928
302623232
262638080
300325376
302017024
300833280
307149312
261343744
303471104
300554752
303311360
299837952
300067328
300593664
300798464
260968960
299926016
300528128
299956736
300141056
259281408
300802560
259478016
300593664
299782656
300397056
299720192
300719616
299867648
260075008
259554816
261156352
259829248
300833280
259717632
300661248
300190208
300392960
299606528
301253120
299893248
300155392
259985920
300814848
260018688
300462592
260248064
260477440
300380672
300384768
299786752
300400128
259551744
260284928
299561472
300478976
300085760
300270080
300032512
300548608
253428224
260465152
300171776
340279808
299487744
299680256
299459072
300442112
300409344
300301824
300027392
300400128
299752960
299322880
299531776
299904512
299537920
300414464
298194432
260785664
260400640
260531712
259425792
260163072
259810816
258303488
260507136
260335104
299435520
261305856
300512768
261174784
307688960
276174336
303719936
300500480
304715264
303998464
300037632
299943424
261326336
299521536
260482560
259450368
300246528
263820800
300185088
339981824
300123648
270325248
300803584
299902464
300439040
299402752
300070400
299791872
300975616
299668992
260666880
299587072
300639744
259824128
301033984
299846144
300734976
300014080
300296704
300653056
300116480
259136000
260303360
299244032
260454912
259643904
260640256
259833344
260554240
299216384
260279808
299818496
300977664
300424704
300609024
299806208
300477952
259853824
300666368
299806208
260484608
260136448
259816960
299613696
300633600
258932224
299265536
269352448
309751296
318384640
341170688
300022272
300210688
299538944
299829760
298699264
299915776
299645440
299895296
299440640
298228224
298260992
300608000
299158016
300624384
260741632
260712960
259447296
260839936
259521024
258386432
260139520
258624000
268102144
292731392
301533696
260979200
307681792
262187520
302504448
262060544
302299648
300173824
331078144
304474624
260237824
299469312
300182016
261577216
300788224
303778304
300313088
344869376
300571136
303634944
300370432
299936256
260311552
259930624
260418048
260020736
300325376
300014080
300157440
259209728
300374528
299887104
300239360
260770304
300517888
299399680
300472832
259635712
300382720
300030464
300800512
299678208
300390912
300136960
260622848
259942912
299981312
299482624
260357632
299748864
259739136
299404800
300920320
299933184
300523008
259575296
300768768
300658176
300514816
299273728
300404224
299843072
300748288
300035584
260337152
300441088
301026816
299875840
300338688
300436992
300830208
248664576
292785664
285818368
295116288
309980672
301059584
340102656
341061120
300318208
300801536
299806208
298716672
299499008
300654080
300817920
300330496
299445760
300441088
299482624
260513280
260009472
260222464
259956224
260595200
259890688
258903552
259927552
260685312
288296448
260513280
301932032
260161024
304590336
287161856
304336384
298188288
304279040
301972992
300711424
303201792
300543488
311303680
300637696
306527744
302415360
309698048
300744192
259677696
340917760
299642368
300441088
259501568
301267456
300648960
301115904
300044800
300491264
302043648
300474880
259899904
300847616
300261888
260014592
299504128
300311040
300544512
301507072
299844096
300749312
259400192
301236736
300888576
300761600
299622912
300981760
299777536
300989952
260435456
260509184
299519488
300363264
299818496
300920320
259796480
300531200
300346880
261336576
300113408
260754944
299771392
300246528
260335104
300283392
299877888
300471808
259843584
291972608
310580736
340227584
299853312
300623360
299791872
301200896
300037632
300234240
299423232
300688896
299480576
300566016
299517440
300832256
299720192
300477952
259652096
260467200
259611136
260622848
259639808
259889664
259779072
260672000
259901952
260766208
259881472
260344320
259877376
260504064
266193408
259942912
265927168
260348416
259869184
260442624
259246592
261147136
260213248
259979776
305068544
266185216
260012544
306149888
260266496
305658368
265976320
260606464
305248768
226851328
259709440
306117120
260483584
264781312
260333056
260771328
260046336
260476416
259395072
306388480
266001920
266702336
266071552
306241024
306884096
267222528
265960960
266780160
266444288
266386944
265948672
260390400
305573376
267730432
265743872
346437120
259761664
306472448
306198016
260306432
345949696
349132288
328463872
346134016
300508672
302233088
346195456
266880512
281437696
260867584
266229248
306189824
346543616
346736128
385111552
308127232
267543040
304259584
267035136
305623552
262984192
345367040
307388928
321675776
306651648
345494016
346653184
345473536
346460672
345186816
345588224
306422272
306336256
306446848
307077632
305791488
305496576
304824832
266854912
306434560
266412544
305529344
264589824
344556032
266510848
265937408
266613248
305177088
306315776
305795584
305836544
264790528
267051520
265921024
264888832
305603072
345620992
305558016
306745856
264954368
306299392
305902080
306414080
304869888
266867200
265970176
306397696
266719744
306123264
305951232
306819584
305676800
306344448
308072960
267252224
266203648
306754048
305472000
306233856
305636864
306095616
266671616
306951680
346539520
306357760
306394624
306198016
305681920
306345472
305743360
306271744
265688576
267048448
266290688
226936320
266094080
354297344
307099136
267343360
305472000
267379200
266232320
267395584
307081728
307470848
312504832
306423296
309134848
266950144
346777088
345731584
306795008
306575872
306850304
347605504
307005952
345893376
270602752
267137536
311812608
267330048
306670080
266254848
275016192
343116288
385436160
362150400
359975424
345721344
307640832
345545216
346233344
330492416
345967104
306723328
346446336
345635328
346412544
345101824
345376256
344720896
346256896
305624576
345986560
306509312
346719744
265197056
306476544
305726976
306730496
305559040
306554368
266552832
306781696
306052608
306204160
305397248
266445312
266732032
307032576
305811968
306725376
266355200
306205184
266839552
306600448
266557952
306182656
266697216
306870784
305375744
306265600
305207808
306490880
266169856
266604032
306064896
306277888
266206720
266771968
309292544
306281984
266235392
306388480
266148352
266518016
266408448
267231744
266789376
306622976
266637824
306819584
306901504
306504192
266703360
305193472
308302336
306932224
307025408
306804224
346609152
306694656
307124736
306473472
345464320
265391616
307594752
267134464
306853376
306558464
306830848
266825216
305372672
346074624
304316928
306463232
345447936
360722944
347525632
266641920
306662912
266911232
306432512
266680832
306628096
345299456
312785408
313186816
385698304
346069504
346958336
345699840
345643520
344586752
346145280
305922560
346186240
345575936
346572288
345197056
305710592
346076672
345777664
345376256
345615872
305995264
304093696
304830976
306305536
304372224
305928704
266193408
305818112
266529280
305725952
304337408
306770432
266371584
265134592
264352256
305766912
305046016
306295296
266965504
306110976
304779776
306553344
266097152
307507712
305615360
305603072
265662976
306008576
265138688
265363968
265544192
306672128
266420736
306196992
266732032
306520576
266199552
306516480
267002368
306590208
266654208
306773504
305700352
306802176
305884672
306679296
305638912
306310656
306228736
306662912
305499648
306068992
307273216
267017728
305032704
334642688
304541184
306388480
306366976
308296192
305732096
306329088
387487232
306943488
305925632
306339328
346643968
267017728
307314176
305999360
350912000
306429440
306658816
307285504
305364480
305700352
306896384
267181568
349011456
350969344
307465728
305892864
306138624
261111296
317655552
307161600
355899904
341449216
346778112
344607232
346540544
386238976
346053120
345709056
347036160
306338304
344107520
345262592
345831936
345590272
346723840
306862592
305912320
306969088
306416128
267568640
306841088
267146752
265917952
307119616
304838144
305088000
265971200
266937856
306796032
305681920
306834944
305786368
306290176
305835520
307097088
305974784
266386944
267337216
306208256
266583552
306668032
305626624
306540032
306343424
306454016
305487360
306609664
266677760
306523648
305843712
306408960
306212352
305700352
306187776
306740736
265910784
304953856
306698752
306402816
305079808
306820608
305071616
306865664
305911296
307353088
267347456
306542080
266356224
307097088
321872384
322449920
321864192
321746432
320886272
320345600
320776704
321752576
321934848
320919040
320402944
320660992
321896960
320343552
322351616
320806400
322297344
321461760
322099712
321538560
321001984
321911296
321710592
321993216
321427968
322044416
322374144
322119168
323003904
322552320
322244096
322558464
322128384
322288128
320613888
320075264
319550976
320129536
319375872
319625728
320416256
321231360
320311808
320340480
320434688
320532992
319837696
320558592
320306688
319745536
320777728
320556544
321113600
320757248
321042944
322704896
321271296
281956864
282136064
308099584
283082240
277053952
276809216
276809216
276809216
316572160
316572160
316572160
316672512
316672512
316672512
316523008
316523008
316639744
316639744
316639744
316721664
316185088
316185088
316293632
316293632
316293632
316293632
316293632
316293632
316293632
316015104
315885056
315878912
316161536
316161536
316233216
316233216
316182016
316094976
316023296
316023296
316021248
316021248
316021248
316091904
275171840
275170816
275261952
275261952
275261952
275127808
275126784
275126784
275126784
275126784
275126784
275126784
275950080
275950080
275945984
275945984
276016640
276016640
276016640
276081152
276081152
276081152
276081152
276081152
316381696
316381696
316381696
316381696
316360192
316348928
316342784
316342784
316334592
316334592
316334592
316405248
316771840
316771840
316771840
316770816
316770816
316770816
316770816
316760576
316742144
316741120
316741120
316741120
275449344
275448320
275448320
275448320
275448320
275448320
275447296
275516928
275516928
275462656
275346944
275445248
276697600
276766208
276766208
276766208
276860416
276860416
276860416
276723200
276719104
276719104
276719104
276788736
275389952
275512832
275653120
275653120
275653120
275735040
275735040
275642880
275642880
275642880
275723776
275642880
276597248
276597248
276678144
276598272
276598272
276597248
276678144
276678144
276597248
276597248
276597248
276678144
316569088
316569088
316643840
316643840
316486144
316486144
316333568
316331520
316318208
316317184
316315136
316313088
316438016
316438016
316514816
316514816
316514816
316615168
316615168
316614144
316614144
316613120
316613120
316666368
315978240
315978240
315978240
315977216
315993600
315993600
315993600
315993600
315993600
315993600
315993600
315973120
276897280
276897280
276897280
276750848
276749824
276749824
276827648
276827648
276827648
276897280
276897280
317017600
276229632
276229632
276229632
276229632
276229632
276229632
276229632
276229632
276229632
276229632
276083200
316228096
317325824
317325824
317325824
317325824
317325824
317325824
317325824
317325824
317325824
317325824
317325824
316490240
316494336
316494336
316494336
316494336
316498432
316498432
316498432
316498432
316497408
316497408
316497408
316161536
316534272
316534272
316534272
316534272
316534272
316534272
316611072
316611072
316611072
316681728
316681728
276341248
315908608
315908608
315908608
315908608
315924992
315924992
315924992
315924992
315923968
315923968
315923968
318942720
316902912
316902912
316902912
316902912
316902912
316902912
316902912
316902912
316902912
316902912
316902912
316067328
316071424
316071424
316071424
316071424
316071424
316071424
316071424
316071424
316071424
316071424
316071424
316939776
316939776
316939776
316939776
316939776
316939776
316939776
316939776
316939776
316939776
316939776
316939776
315936256
315936256
315936256
315936256
315936256
315936256
315936256
315936256
315936256
315936256
315936256
315936256
316931584
316931584
316931584
316931584
316931584
316931584
316931584
316931584
316978688
316978688
316978688
316978688
316093952
316093952
316093952
316093952
316093952
316093952
316093952
316093952
316093952
316093952
316093952
316093952
317093376
317093376
317093376
317093376
317087232
317240832
317240832
317240832
317240832
317240832
317240832
317240832
275633664
275633664
275717632
275717632
275717632
275634688
275633664
275633664
275633664
275633664
275633664
275633664
316864000
316864000
316864000
316865024
316864000
316864000
316864000
316864000
316864000
316864000
316864000
316864000
316306944
316304896
316304896
316304896
316304896
316304896
316304896
316304896
316304896
316304896
316304896
316304896
316879360
316879360
316879360
316956160
316956160
316796416
316796416
316796416
316880384
316880384
316880384
316956160
316243456
316243456
316084736
316084736
316088832
316088832
316088832
316088832
316170752
316087808
316087808
316087808
316857856
316940800
316940800
316940800
317017600
317017600
317017600
317017600
317017600
317017600
317017600
317017600
316788224
316788224
316788224
316788224
316788224
316788224
316788224
316788224
316788224
316788224
316788224
316788224
316980736
316980736
316980736
316980736
316980736
316980736
316980736
316979712
316979712
316978688
316978688
316978688
275936768
275936768
275936768
275934720
275774976
275774976
275774976
275774976
275774976
275774976
275774976
275774976
317139456
317139456
317139456
317223424
317223424
317223424
317300224
317300224
317300224
317300224
317300224
317140480
316427776
316426752
316426752
316426752
316510720
316510720
316510720
316587520
316587520
316587520
316587520
316587520
316988928
316988928
316988928
316988928
316988928
316988928
316988928
316988928
316988928
316988928
316988928
316988928
276028928
276028928
276028928
276028928
276033024
276033024
276033024
276033024
276033024
276033024
276033024
276033024
317447680
317447680
317447680
317447680
317447680
317447680
317447680
317447680
317447680
317447680
317447680
317447680
276372992
276372992
276372992
276372992
276377088
276377088
276377088
276377088
276377088
276377088
276377088
276377088
317500928
317500928
317500928
317500928
317500928
317500928
317500928
317500928
317500928
317500928
317500928
317500928
276078080
276078080
276078080
276078080
276078080
276078080
276078080
276078080
276078080
276078080
276078080
316431872
317427200
317427200
317427200
317427200
317427200
317427200
317426176
317426176
317426176
317426176
317426176
316824064
316353024
316353024
316353024
316353024
316357120
316441088
316441088
316441088
316516864
316516864
316516864
316754432
317770240
317770240
317770240
317770240
317770240
317770240
317770240
317770240
317770240
317770240
317770240
317114880
316566016
316566016
316566016
316566016
316566016
316566016
316566016
316566016
316566016
316407296
316407296
316448256
317415936
338917888
320232960
320768512
317983232
319203840
319359488
318638592
319576576
257456640
320289280
320010752
318478848
317762048
318625280
318625280
319542784
319200768
320554496
280024576
280405504
295626240
320513536
359196160
319813120
320491008
320101888
320032256
319191552
319379968
319953408
320190976
319326720
319568384
319760896
320252416
320101888
319729152
320671232
319994368
321030656
319853056
319920640
320719360
319949312
320055808
320039424
320076288
321239552
319465984
320600576
321153536
320252416
320555520
319990272
320829952
321124864
321169920
321182208
320215552
321202688
320567808
321305088
320629248
321169920
321051136
321190400
320330240
320420352
321722880
281815552
315841024
315841024
315841024
315841024
315841024
315841024
315841024
315841024
315841024
315841024
315841024
315841024
275597824
275594752
275594752
275594752
275594752
275594752
275594752
275594752
275594752
275594752
275594752
275594752
275070464
275070464
275070464
275070464
275070464
275074560
275074560
275074560
275074560
275074560
275074560
275074560
276886016
276886016
276886016
276886016
276967936
276967936
276967936
277044736
277044736
277044736
277044736
277044736
315452928
315452928
315452928
315452928
315452928
315452928
315452928
315452928
315452928
315452928
315452928
315452928
275672576
275672576
275672576
275672576
275676672
275676672
275676672
275676672
275517952
275517952
275517952
275599872
275034624
275034624
275111424
275111424
275115520
275115520
275115520
275115520
275115520
275115520
275115520
275115520
316608000
316608000
316608000
316608000
316612096
316612096
316612096
316612096
316612096
316612096
316612096
316612096
275115520
275115520
275115520
274955776
274778624
274778624
274801152
274930176
274930176
275008000
275008000
275008000
316341760
298341888
319593984
319717888
317677056
317664768
318720512
278645248
278903296
286490112
302140928
366796288
319147520
359714304
328814080
318692864
319614464
319671808
318426624
318447104
318578176
319760896
319175168
319195648
319018496
319913472
319446528
319299072
319692288
318787072
319835648
319282688
318790144
319281664
319064576
319172096
319262208
319778304
319523328
319572480
318987776
320175616
319262208
319326720
319168000
319409664
319688192
320167424
319121920
320215552
320498176
320407040
320612864
320621056
320858624
320984576
321359360
320835072
320908800
320798208
320485888
321587712
281713152
275601920
275601920
275601920
275601920
275601920
275601920
275601920
275678720
275678720
316155392
316226048
316226048
316226048
316226048
316079616
316078592
316078592
316078592
316155392
316155392
316155392
315251200
315251200
315103744
315103744
315103744
315103744
315180544
315180544
315180544
315251200
315251200
315104768
275537408
275536384
275536384
275536384
275613184
275536384
275536384
275536384
275613184
275613184
275613184
275683840
315726336
315726336
315726336
315726336
315578880
315578880
315578880
315655680
315655680
315578880
315578880
315578880
316054016
316054016
316130816
316130816
316220928
316291584
316291584
316291584
316144128
316144128
316144128
316220928
315393536
315393536
315462144
315314688
315314688
315314688
315391488
315391488
315391488
315462144
315462144
315462144
316076544
316076544
315930112
315930112
315930112
316006912
316006912
316006912
316076544
316076544
316076544
316076544
274964992
274818560
274818560
274818560
274894336
274894336
274894336
274964992
274964992
274964992
274818560
274818560
315856384
315932160
315932160
315932160
316002816
316002816
316002816
316002816
316002816
316002816
315856384
316204544
315561472
315637248
315637248
315637248
315724288
315724288
315724288
315724288
315724288
315724288
315724288
315101696
316035584
315889152
315889152
315889152
315889152
315889152
315964928
315964928
315964928
316035584
315889152
316057088
275068416
275144192
275144192
275144192
275214848
275214848
275214848
275068416
275068416
275068416
275144192
275129856
275392000
275392000
275467776
275392000
275396096
275368448
275396096
275471872
275471872
275471872
275542528
315830784
315740672
315740672
315740672
315740672
315594240
315594240
315594240
315670016
315670016
315670016
315740672
315466240
316432896
316432896
316286464
316286464
316286464
316362240
316362240
316362240
316432896
316432896
316432896
276481536
315696640
315696640
315696640
315696640
315696640
315696640
315696640
315696640
315772416
315696640
315696640
319919616
316149248
316162560
316162560
316162560
316239360
316162560
316162560
316162560
316162560
316162560
316162560
323006976
315432448
315432448
315432448
315503104
315503104
315503104
315356672
315356672
315356672
315432448
315432448
316460544
316531200
316531200
316531200
316384768
316384768
316384768
316460544
316460544
316460544
316531200
316531200
315802112
315810304
315810304
315810304
315663872
315667968
315667968
315743744
315743744
315743744
315814400
315814400
316580352
316580352
316580352
316433920
316432896
316432896
316432896
316432896
316432896
316432896
316432896
316432896
315801088
315805184
315805184
315875840
315875840
315728384
315728384
315728384
315805184
315805184
315805184
315875840
316744192
316744192
316597760
316597760
316596736
316596736
316596736
316596736
316596736
316673536
316673536
316673536
315638272
315642368
315642368
315642368
315642368
315642368
315642368
315642368
315642368
315642368
315495936
315495936
316703232
316780032
316780032
316780032
316850688
316850688
316850688
316704256
316704256
316703232
316780032
316780032
316046848
316117504
316117504
316117504
316117504
316117504
315971072
315971072
315970048
315970048
315970048
316046848
316452352
316452352
316376576
316376576
316375552
316375552
316375552
316375552
316376576
316376576
316375552
316452352
315850240
315850240
315920896
315920896
315920896
315920896
315920896
315920896
315774464
315774464
315773440
315850240
316907008
316907008
316977664
316977664
316977664
316830208
316830208
316830208
316907008
316907008
316907008
316831232
315774464
315773440
315850240
315850240
315850240
315773440
315773440
315773440
315850240
315850240
315850240
315920896
316805632
316805632
316805632
316805632
316805632
316805632
316805632
316805632
316804608
316804608
316804608
316804608
316550656
316550656
316550656
316550656
316550656
316550656
316550656
316550656
316550656
316550656
316550656
316550656
316825088
316825088
316825088
316825088
316829184
316829184
316829184
316829184
316829184
316829184
316829184
316829184
316382720
316382720
316382720
316382720
316382720
316382720
316382720
316382720
316382720
316382720
316382720
316382720
316747264
316747264
316747264
316747264
316747264
316747264
316747264
316747264
316747264
316747264
316747264
316747264
316321280
316321280
316321280
316321280
316321280
316321280
316321280
316321280
316321280
316321280
316321280
316321280
316517888
316517888
316517888
316517888
316517888
316517888
316517888
316517888
316517888
316517888
316517888
316517888
318082560
320216576
275488256
275488256
275488256
275488256
275488256
275341824
275340800
275340800
275340800
275340800
316832256
316832256
316832256
316902912
316907008
316907008
316907008
316907008
316907008
316907008
316907008
316907008
316055040
316055040
316055040
316055040
275578368
275578368
275578368
275578368
275578368
275578368
275578368
275578368
316861952
316861952
316861952
316861952
316861952
316861952
316861952
316861952
316861952
316861952
316861952
317484544
275807744
275807744
275807744
275807744
275807744
275807744
275807744
275807744
275807744
275807744
275807744
316632576
317648384
317648384
317648384
317648384
317648384
317648384
317648384
317648384
317648384
317648384
317648384
316382720
315821568
315821568
315821568
315821568
315821568
315821568
315821568
315821568
315821568
315821568
315821568
315612672
316485120
316485120
316485120
316485120
316489216
316489216
316489216
316489216
316489216
316489216
316489216
316472832
315944448
315944448
315944448
315944448
315944448
315944448
315944448
315944448
315944448
315944448
315944448
316059136
276340224
276340224
276340224
276340224
276344320
276344320
276344320
276344320
276344320
276344320
276344320
327204352
316435968
316435968
316435968
316435968
316435968
316435968
316435968
316435968
316435968
316435968
316435968
315756032
316554752
316554752
316554752
316554752
316554752
316554752
316554752
316554752
316554752
316554752
316554752
316390912
316390912
316390912
316390912
316390912
316390912
316390912
316390912
316390912
316390912
316390912
316390912
276319744
276319744
276319744
276319744
276319744
276319744
276319744
276319744
276319744
276319744
276319744
276319744
275672576
275676672
275676672
275676672
275676672
275676672
275676672
275676672
275676672
275676672
275676672
275676672
316108288
317124096
317124096
317124096
317124096
317128192
317128192
317128192
317128192
317128192
317128192
317128192
275938816
275938816
275938816
275938816
275938816
275938816
275938816
275938816
275938816
275938816
275938816
275938816
317300224
317300224
317300224
317300224
317300224
317300224
317300224
317300224
317300224
317300224
317300224
317300224
316198400
316198400
316198400
316198400
316198400
316198400
316198400
316198400
316182016
316182016
316182016
316182016
316710400
316710400
316710400
316710400
316710400
316710400
316710400
316710400
316710400
316710400
316710400
316710400
319811072
275987968
275987968
275987968
275987968
275987968
275987968
275987968
275959296
275959296
275959296
275959296
321379840
317636096
317636096
317636096
317636096
317636096
317636096
317636096
317636096
317636096
317636096
317636096
276037120
276037120
276037120
276037120
276057600
276057600
276057600
276057600
276057600
276057600
276057600
276057600
277077504
277077504
277077504
277077504
277077504
277077504
277077504
277077504
277077504
277077504
277077504
277077504
316763648
316763648
316763648
316763648
316763648
316763648
316763648
316763648
316763648
316763648
316763648
316763648
317337088
317337088
317337088
317337088
317337088
317337088
317337088
317337088
317337088
317337088
317337088
317337088
318705152
316534272
316534272
316534272
316534272
316534272
316534272
316534272
316534272
316534272
316534272
316534272
319368704
277097984
277097984
277097984
277097984
277097984
277097984
277097984
277097984
277097984
277097984
277097984
276773376
276773376
276773376
276773376
276773376
276773376
276773376
276773376
276773376
276773376
276773376
276773376
317950464
317950464
317950464
317950464
317950464
317950464
317950464
317950464
317950464
317950464
317950464
317950464
276343296
276343296
276343296
276343296
276343296
276343296
276343296
276343296
276343296
276343296
276343296
276343296
276331008
276331008
276331008
276331008
276331008
276331008
276331008
276331008
276331008
276184576
276184576
276184576
276164096
276164096
276164096
276164096
276168192
276168192
276168192
276168192
276168192
276168192
276168192
276168192
317586944
317586944
317586944
317586944
317586944
317586944
317586944
317586944
317586944
317586944
317586944
291671552
316857856
316857856
316857856
316857856
316857856
316857856
316857856
316857856
316857856
316857856
316857856
316816896
317586944
317586944
317586944
317586944
317586944
317586944
317586944
317586944
317586944
317586944
317586944
317591040
317005312
317005312
317005312
317005312
317005312
317005312
317005312
317005312
317005312
317005312
317005312
316665344
317476352
317476352
317476352
317476352
317480448
317480448
317480448
317480448
317480448
317480448
317480448
316874240
316505600
316505600
316505600
316505600
316505600
316505600
316505600
316505600
316505600
316505600
316505600
316616192
317517312
317517312
317517312
317517312
317517312
317517312
317517312
317517312
317517312
317517312
317517312
277413376
316866048
316866048
316866048
316866048
316866048
316866048
316866048
316866048
316866048
316866048
316866048
317464064
317468160
317468160
317468160
317468160
317468160
317468160
317468160
317468160
317468160
317468160
317468160
316467712
316468736
316468736
316468736
316468736
316468736
316468736
316468736
316468736
316468736
316468736
316468736
317090304
317091328
317091328
317091328
317091328
317091328
317091328
317091328
317091328
317091328
317091328
317091328
316996096
316997120
316997120
316997120
316997120
316997120
316997120
316997120
316997120
316997120
316997120
316997120
317364736
317365760
317365760
317365760
317365760
317364736
317364736
317364736
317364736
317364736
317364736
317416960
316855808
316855808
316855808
316855808
316855808
316855808
316855808
316855808
316855808
316855808
316855808
316855808
317625856
317625856
317625856
317625856
317625856
317625856
317625856
317625856
317625856
317625856
317625856
317625856
316900864
316900864
316900864
316900864
316900864
316900864
316900864
316900864
316900864
316900864
316900864
316900864
319751680
317367808
317367808
317367808
317367808
317367808
317367808
317367808
317367808
317367808
317367808
317367808
316712448
316712448
316712448
316712448
316712448
316712448
316712448
316711424
316711424
316711424
316711424
316711424
317489664
317489664
317489664
317489664
317489664
317489664
317489664
317489664
317489664
317489664
317489664
317489664
316858880
316858880
316858880
316858880
316858880
316858880
316858880
316858880
316858880
316858880
316858880
316858880
317510144
317510144
317510144
317510144
317510144
317510144
317510144
317510144
317510144
317510144
317510144
317510144
316768768
316768768
316768768
316768768
316768768
316768768
316768768
316768768
316768768
316768768
316762624
316762624
318196224
318196224
318196224
318196224
318196224
318196224
318196224
318196224
318196224
318196224
318196224
318196224
317164032
317164032
317164032
317164032
317168128
317168128
317168128
317168128
317168128
317168128
317168128
317168128
317913600
317913600
317913600
317913600
317913600
317913600
317913600
317913600
317913600
317913600
317913600
317913600
317131264
317131264
317131264
317131264
317131264
317131264
317131264
317131264
317131264
317131264
317131264
317131264
318360064
318360064
318360064
318360064
318360064
318360064
318360064
318360064
318360064
318360064
318360064
318360064
317450752
317450752
317450752
317450752
317450752
317417984
317417984
317417984
317417984
317417984
317416960
317416960
318686720
318686720
318686720
318686720
318686720
318686720
318686720
318686720
318686720
318686720
318686720
318686720
276948480
276948480
276948480
276948480
276948480
276948480
276948480
276948480
276948480
276948480
276948480
317330944
317916672
317916672
317916672
317916672
317916672
317916672
317893120
317916672
317916672
317916672
317916672
317814272
317707776
317707776
317707776
317707776
277251584
277251584
277251584
277251584
277251584
277251584
277251584
317871616
277771776
277771776
277771776
277771776
277771776
277771776
277771776
277771776
277771776
277771776
277771776
318084608
277276160
277276160
277276160
277276160
277276160
277276160
277276160
277276160
277276160
277276160
277276160
277095936
277681664
277681664
277681664
277681664
277681664
277681664
277681664
277681664
277681664
277681664
277681664
318277120
277579264
277579264
277579264
277579264
277579264
277579264
277579264
277579264
277579264
277579264
277579264
277857792
277591552
277591552
277591552
277591552
277591552
277591552
277591552
277591552
277591552
277591552
277591552
278328832
278328832
278328832
278328832
278328832
278328832
278328832
278328832
278328832
278328832
278328832
278328832
318309888
318309888
318309888
318309888
318309888
318309888
318309888
318309888
318309888
318309888
318309888
318309888
317675008
317675008
317675008
317675008
317675008
317675008
317675008
317675008
317675008
317675008
317675008
317675008
318449152
318494208
318494208
318494208
318494208
318494208
318494208
318494208
318494208
318494208
318494208
318494208
317695488
317695488
317695488
317695488
317695488
317695488
317695488
317695488
317695488
317695488
317695488
317695488
318543360
318543360
318543360
318543360
318543360
318543360
318543360
318543360
318543360
318543360
318543360
318543360
317687296
317687296
317687296
317687296
317662720
317687296
317687296
317687296
317687296
317687296
317687296
317687296
318244352
318244352
318244352
318244352
318244352
318244352
318252544
318252544
318252544
318252544
318252544
318252544
317818368
317818368
317818368
317818368
317818368
317818368
317818368
317818368
317818368
317818368
317818368
317818368
318199296
318199296
318199296
318199296
318199296
318199296
318199296
318199296
318199296
318197248
318197248
318197248
317898240
317898240
317898240
317898240
317898240
317898240
317898240
317898240
317898240
317898240
317898240
317898240
318856704
318856704
318856704
318856704
318856704
318856704
318856704
318856704
318856704
318856704
318856704
318856704
317746688
317746688
317746688
317746688
317746688
317746688
317746688
317746688
317746688
317746688
317746688
317746688
318934528
318934528
318934528
318934528
318934528
318934528
318934528
318934528
318934528
319004160
319004160
319004160
318180864
318180864
318180864
318180864
318180864
318180864
318180864
318180864
318180864
318180864
318197248
318197248
318885376
318885376
318885376
318885376
318885376
318885376
318885376
318885376
318885376
318885376
318885376
318885376
318340608
318340608
318340608
318340608
318340608
318340608
318340608
318340608
318340608
318340608
318340608
318340608
319184384
319184384
319184384
319184384
319184384
319184384
319184384
319184384
319184384
319184384
319184384
319184384
318328320
318328320
318328320
318328320
318328320
318328320
318328320
318328320
318328320
318328320
318328320
318328320
319008256
319008256
319008256
319008256
319008256
319008256
319008256
319008256
319008256
319008256
319008256
319008256
318139904
318139904
318139904
318139904
318139904
318139904
318139904
318139904
318139904
318139904
318139904
318737920
318762496
318762496
318761472
318761472
318765568
318765568
318765568
318765568
318765568
318765568
318765568
318515712
318163456
318163456
318163456
318163456
318167552
318167552
318167552
318167552
318167552
318167552
318167552
318032384
318937600
318937600
318937600
318937600
318937600
318937600
318937600
318937600
318937600
318937600
318937600
318609920
318233088
318233088
318233088
318233088
318237184
318237184
318237184
318237184
318237184
318237184
318237184
318401024
319060480
319060480
319060480
319060480
319060480
319060480
319060480
319060480
319060480
319060480
319060480
318790144
318466560
318466560
318466560
318466560
318466560
318466560
318466560
318466560
318466560
318466560
318466560
278297088
318917120
318917120
318917120
318917120
318917120
318917120
318917120
318917120
318917120
318917120
318917120
318720512
318306816
318306816
318306816
318306816
318306816
318306816
318306816
318306816
318306816
318306816
318306816
318781952
318781952
318781952
318781952
318781952
318781952
318781952
318781952
318781952
318781952
318781952
318781952
318474752
318478848
318478848
318478848
318478848
318478848
318478848
318478848
318477824
318477824
318477824
318477824
278799872
278803968
278797824
278797824
278797824
278797824
278797824
278797824
278797824
278797824
278797824
278797824
278457856
278461952
278461952
278461952
278461952
278461952
278461952
278461952
278461952
278461952
278461952
278461952
319237632
319237632
319237632
319237632
319237632
319237632
319237632
319237632
319237632
319237632
319237632
319237632
278208000
278208000
278208000
278208000
278212096
278212096
278212096
278212096
278297088
278297088
278297088
278370816
279173632
279173632
279173632
279173632
279173632
279173632
279173632
279173632
279027200
279027200
279027200
279102976
280479232
278525440
278596096
278596096
278596096
278596096
278596096
278596096
278596096
278596096
278596096
278596096
319580672
319580672
319580672
319580672
319580672
319580672
319580672
319580672
319580672
319580672
319580672
319580672
322451968
318990848
318990848
318990848
318990848
318990848
318990848
318990848
318990848
318990848
318990848
318990848
319814144
319814144
319814144
319814144
319818240
319786496
319818240
319818240
319818240
319818240
319818240
319818240
322722304
319171072
319171072
319171072
319171072
319171072
319171072
319171072
319171072
319171072
319171072
319171072
319822336
319822336
319822336
319822336
319822336
319822336
319822336
319822336
319822336
319822336
319822336
319822336
319142400
319142400
319142400
319142400
319146496
319146496
319146496
319146496
319113728
319113728
319113728
319113728
319318528
319318528
319318528
319318528
319322624
319322624
319322624
319322624
319322624
319322624
319322624
319322624
322546176
319134208
319134208
319134208
319134208
319134208
319134208
319134208
319134208
319134208
319134208
319134208
319552000
319552000
319552000
319552000
319552000
319552000
319552000
319552000
319552000
319552000
319552000
319552000
319216128
319216128
319216128
319216128
319216128
319216128
319216128
319216128
319216128
319216128
319216128
319216128
319674880
319674880
319674880
319674880
319674880
319674880
319674880
319674880
319528448
319528448
319528448
319528448
318934528
318934528
318934528
318934528
318934528
318933504
318934528
318934528
318934528
318934528
318934528
318934528
319454720
319454720
319454720
319454720
319454720
319454720
319454720
319454720
319454720
319454720
319454720
319454720
318983680
318983680
318983680
318983680
318983680
318983680
318983680
318983680
318983680
318983680
318983680
319053312
319872512
319872512
319872512
319872512
319872512
319872512
319872512
319872512
319872512
319872512
319872512
319397376
319004160
319004160
319004160
319004160
319004160
319004160
319004160
319004160
319004160
319004160
319004160
318733824
319487488
319487488
319487488
319487488
319487488
319487488
319487488
319487488
319487488
319487488
319487488
319397376
319090176
319090176
319090176
319090176
319090176
319090176
319090176
319090176
319090176
319090176
319090176
318852608
319684096
319684096
319684096
319684096
319684096
319684096
319684096
319684096
319684096
319684096
319684096
279555584
278494720
278494720
278494720
278494720
278494720
278494720
278494720
278494720
278494720
278494720
278494720
323852800
320028160
320028160
320028160
320028160
320028160
320028160
320028160
320028160
320028160
320028160
320028160
279022080
279023104
279023104
279023104
279023104
279023104
279023104
279023104
279023104
279023104
279023104
279023104
320113152
320114176
320114176
320114176
320114176
320114176
320114176
320114176
320114176
320114176
320114176
320114176
319068672
319069696
319069696
319069696
319069696
319073792
319073792
319073792
319073792
319073792
319073792
319073792
319900160
319901184
319901184
319901184
319901184
319900160
319900160
319900160
319900160
319900160
319900160
319900160
319154688
319154688
319154688
319154688
319154688
319154688
319154688
319154688
319154688
319154688
319154688
319154688
320276992
320276992
320276992
320276992
320276992
320276992
320276992
320276992
320276992
320276992
320276992
320276992
319097344
319097344
319097344
319097344
319101440
319101440
319101440
319101440
319072768
319072768
319072768
319072768
320383488
320383488
320460288
320460288
320460288
320530944
320384512
320384512
320322048
320322048
320322048
320322048
319244800
319244800
319244800
319244800
319244800
319244800
319244800
319244800
319244800
319244800
319244800
319244800
319904256
319904256
319904256
319904256
279710208
279710208
279710208
279710208
279710208
279710208
279710208
279710208
278977024
278977024
278977024
278977024
278981120
278981120
278981120
278981120
278981120
278981120
278981120
278981120
320514560
320514560
320514560
320514560
320514560
320514560
320514560
320514560
320514560
320514560
320514560
320514560
319851008
319851008
319851008
319851008
319851008
319851008
319851008
319851008
319851008
319851008
319851008
319851008
320162304
320162304
320162304
320162304
320162304
320162304
320162304
320162304
320162304
320162304
320162304
320162304
319621632
319621632
319621632
319621632
319621632
319621632
319621632
319621632
319621632
319621632
319621632
319621632
320580096
320580096
320580096
320580096
320580096
320580096
320580096
320580096
320580096
320580096
320580096
320580096
319572480
319572480
319572480
319572480
319576576
319576576
319576576
319576576
319576576
319576576
319576576
319576576
320174592
320174592
320174592
320174592
320174592
320174592
320174592
320174592
320174592
320174592
320174592
320174592
279230976
279230976
279230976
279230976
279230976
279230976
279230976
279230976
279230976
279230976
279230976
279230976
280324608
280324608
280324608
280324608
280324608
280324608
280324608
280324608
280324608
280324608
280324608
280324608
319625728
319625728
319625728
319625728
319625728
319625728
319625728
319625728
319625728
319625728
319625728
319625728
320489984
320489984
320489984
320489984
320489984
320489984
320489984
320488960
320488960
320488960
320488960
320366080
319878656
319878656
319878656
319878656
319878656
319878656
319878656
319878656
319878656
319878656
319878656
319686144
320484864
320484864
320484864
320484864
320484864
320484864
320484864
320484864
320484864
320484864
320484864
320394752
279619072
279619072
279619072
279619072
279623168
279623168
279623168
279623168
279623168
279623168
279623168
319911424
320779776
320779776
320779776
320779776
320779776
320779776
320779776
320779776
320779776
320779776
320779776
320222720
319862272
319862272
319862272
319862272
319862272
319862272
319940096
319940096
319940096
320010752
320010752
320244224
280193536
280047104
280047104
280047104
280122880
280122880
280122880
280193536
280193536
280193536
280193536
281369088
320838144
320691712
320691712
320691712
320699904
320699904
320699904
320699904
320699904
320699904
320699904
320802304
320802304
320802304
320802304
320802304
320802304
320802304
320802304
320802304
320802304
320802304
320802304
320327168
320331264
320331264
320331264
320331264
320331264
320331264
320331264
320331264
320331264
320331264
320331264
320645632
320650752
320650752
320650752
320650752
320650752
320650752
320650752
320650752
320650752
320650752
320650752
320006656
320007680
320007680
320007680
320007680
320007680
320007680
320007680
320007680
320007680
320007680
320007680
320821760
320822784
320822784
320822784
320822784
320756224
320756224
320756224
320756224
320756224
320756224
320756224
320113152
320113152
320113152
320113152
320113152
320113152
320113152
320113152
320113152
320113152
320113152
320113152
320768512
320768512
320768512
320768512
320768512
320768512
320768512
320768512
320768512
320768512
320768512
320768512
320088576
320088576
320088576
320088576
320088576
320088576
320088576
320088576
320088576
320088576
320088576
320088576
320743936
320743936
320743936
320743936
320748032
320748032
320748032
320748032
320748032
320748032
320748032
320748032
280009216
280009216
280009216
280009216
280009216
280009216
280009216
280009216
280009216
280009216
280009216
280009216
280758784
280758784
280758784
280758784
280758784
280758784
280758784
280758784
280758784
280758784
280758784
280758784
320391680
320391680
320391680
320391680
320391680
320391680
320391680
320391680
320391680
320391680
320391680
320391680
320895488
320895488
320895488
320895488
320899584
320899584
320899584
320899584
320899584
320899584
320899584
320899584
280087040
280087040
280087040
280086016
280086016
280086016
280086016
280086016
280086016
280086016
280086016
280086016
320996864
320996864
320996864
320996864
320996864
320996864
320996864
320996864
320996864
320996864
320996864
320996864
320333312
320333312
320333312
320333312
320333312
320333312
320333312
320333312
320333312
320333312
320333312
320333312
320845312
320845312
320845312
320845312
320845312
320845312
320845312
320845312
320845312
320845312
320845312
320845312
320341504
320341504
320341504
320341504
320341504
320341504
320341504
320341504
320341504
320341504
320341504
320341504
280897024
280897024
280897024
280897024
280897024
280897024
280897024
280897024
280896000
280896000
280896000
280896000
281473536
281473536
281473536
281473536
281473536
281473536
281473536
281473536
281473536
281473536
281473536
281473536
321237504
321237504
321315328
321315328
321315328
321387008
321387008
321387008
321387008
321387008
321387008
321387008
320883200
320883200
320883200
320883200
320883200
320883200
320883200
320883200
320883200
320883200
320883200
320555520
321460736
321460736
321460736
321460736
321460736
321460736
321460736
321460736
321460736
321460736
321460736
320850432
320264704
320264704
320264704
320264704
320264704
320264704
320264704
320264704
320264704
320264704
320264704
320334336
321559040
321559040
321559040
321559040
321559040
321527296
321559040
321559040
321559040
321559040
321559040
321112576
320494080
320494080
320494080
320494080
320494080
320494080
320494080
320494080
320494080
320494080
320494080
320772608
321522176
321522176
321522176
321522176
321522176
321522176
321522176
321522176
321493504
321522176
321522176
320887296
320477696
320477696
320477696
320477696
320477696
320477696
320477696
320477696
320477696
320477696
320477696
324020736
321772032
321772032
321772032
321772032
321776128
321776128
321776128
321776128
321776128
321776128
321776128
320793088
320797184
320797184
320797184
320797184
320797184
320797184
320797184
320797184
320797184
320797184
320797184
323865088
321669632
321669632
321669632
321669632
321669632
321669632
321669632
321669632
321669632
321669632
321669632
320694784
320694784
320694784
320694784
320694784
320694784
320694784
320694784
320694784
320694784
320694784
320694784
321948160
321948160
321948160
321948160
321948160
321948160
321948160
321948160
321948160
321948160
321948160
321948160
320932352
320932352
320932352
320932352
320932352
320932352
320932352
320932352
320932352
320920064
320920064
320920064
320875008
320879104
320879104
320879104
320879104
320879104
320879104
320879104
320879104
320879104
320879104
320879104
324495872
321149440
321149440
321149440
321149440
321149440
321149440
321149440
321149440
321149440
321149440
321149440
281348608
281348608
281348608
281348608
281348608
281348608
281348608
281348608
281348608
281348608
281348608
281348608
321214976
321214976
321214976
321214976
321214976
321214976
321214976
321214976
321214976
321214976
321214976
321214976
321534464
321534464
321534464
321534464
321534464
321534464
321534464
321534464
321501696
321501696
321501696
321501696
280556032
280556032
280556032
280556032
280530432
280556032
280556032
280556032
280556032
280556032
280556032
280556032
321823232
321823232
321823232
321823232
321823232
321823232
321823232
321823232
321823232
321823232
321823232
321823232
280609280
280609280
280609280
280609280
280609280
280609280
280609280
280609280
280609280
280609280
280609280
280609280
281297408
281297408
281297408
281297408
281297408
281297408
281297408
281424384
281424384
281424384
281424384
281424384
281010688
281010688
281010688
281010688
281010688
281010688
281010688
281010688
281010688
281010688
281010688
281010688
321753600
321753600
321753600
321753600
321753600
321753600
321753600
321753600
321753600
321753600
321753600
321753600
321126912
321126912
321126912
321126912
321131008
321131008
321131008
321131008
321131008
321131008
321131008
321131008
321786368
321786368
321786368
321786368
321786368
321786368
321786368
321786368
321786368
321786368
321786368
321786368
280769024
280769024
280769024
280769024
280769024
280769024
280769024
280769024
280769024
280769024
280769024
280769024
322396672
322396672
322396672
322396672
322396672
322396672
322396672
322396672
322396672
322396672
322396672
322396672
321819136
321819136
321819136
321819136
321819136
321819136
321819136
321819136
321819136
321819136
321819136
321819136
322527744
322527744
322527744
322527744
322531840
322531840
322531840
322531840
322531840
322531840
322531840
323179008
321274368
321274368
321274368
321249792
321249792
321249792
321249792
321249792
321249792
321249792
321249792
321438208
322232832
322232832
322232832
322232832
322232832
322232832
322232832
322232832
322232832
322232832
322232832
321876480
321446400
321446400
321446400
321446400
321446400
321446400
321446400
321446400
321446400
321446400
321446400
321278464
322179584
322179584
322179584
322179584
322179584
322179584
322179584
322179584
322179584
322179584
322179584
321705472
321283584
321283584
321359360
321359360
321359360
321430016
321430016
321430016
321430016
321430016
321430016
321294848
322136576
322136576
322136576
322136576
281963008
281963008
281963008
281963008
281963008
281963008
281963008
243042816
282511872
282511872
282511872
282511872
282511872
282511872
282511872
282511872
282511872
282511872
282511872
322472448
322472448
322472448
322472448
322472448
322472448
322472448
322472448
322472448
322472448
322472448
322472448
321710592
321710592
321710592
321710592
321710592
321710592
321710592
321710592
321710592
321710592
321710592
321710592
322165248
322165248
322165248
322165248
322165248
322165248
322165248
322165248
322165248
322165248
322165248
322165248
321808896
321407488
321407488
321407488
321407488
321407488
321407488
321407488
321407488
321407488
321407488
321407488
322234880
322234880
322234880
322234880
322234880
322234880
322234880
322234880
322234880
322234880
322234880
322234880
321636864
321636864
321636864
321636864
321636864
321636864
321722880
321722880
321722880
321722880
321722880
321628672
322492928
322492928
322492928
322492928
322492928
322492928
322492928
322492928
322492928
322492928
322492928
322492928
322288128
322288128
322288128
322288128
322288128
322288128
322141696
322141696
322141696
322141696
322141696
322141696
322096640
322096640
322096640
322096640
322096640
322096640
322096640
322096640
322096640
322096640
322096640
322096640
321252864
321252864
321252864
321252864
321252864
321252864
321252864
321252864
321252864
321252864
321252864
321252864
322518528
322518528
322518528
322518528
322518528
322518528
322518528
322518528
322518528
322518528
322518528
322518528
321891840
321967616
321967616
321967616
322046464
322046464
322046464
322046464
322046464
322046464
322046464
322046464
322386432
322386432
322386432
322386432
322386432
322386432
322386432
322386432
322386432
322386432
322386432
322386432
321636864
321636864
321636864
321636864
321636864
321636864
321636864
321636864
321636864
321636864
321636864
321636864
322308608
322308608
322308608
322308608
322308608
322308608
322308608
322308608
322308608
322308608
322308608
322308608
321772032
321772032
321772032
321772032
321772032
321772032
321772032
321772032
321772032
321772032
321772032
321772032
322652672
322652672
322652672
322652672
322652672
322652672
322652672
322652672
322652672
322652672
322652672
322652672
281430528
281430528
281430528
281430528
281434624
281434624
281434624
281434624
281434624
281434624
281434624
281434624
322722304
322722304
322722304
322722304
322722304
322722304
322722304
322722304
322722304
322722304
322722304
322722304
321710592
321710592
321710592
321710592
321710592
321710592
321710592
321710592
321710592
321710592
321710592
321710592
322624000
322624000
322624000
322624000
322624000
322624000
322624000
322624000
322624000
322624000
322624000
322624000
321960448
321960448
321960448
321960448
321964544
321964544
321964544
321964544
321964544
321964544
321964544
321919488
322841088
322841088
322841088
322841088
322841088
322841088
322841088
322841088
322841088
322841088
322841088
322525696
321976832
321976832
321976832
321976832
321976832
321976832
321976832
321976832
321976832
321976832
321976832
322091520
323017216
323017216
323017216
323017216
323017216
323017216
323017216
323017216
323017216
323017216
323017216
333330944
322574848
322428416
322428416
322428416
322428416
322428416
322428416
322428416
322428416
322428416
322428416
333192704
322385408
322385408
322385408
322456064
322456064
322456064
322456064
322456064
322456064
322456064
322456064
282462720
321989120
321989120
321989120
321989120
321989120
321989120
321989120
321989120
321989120
321989120
321989120
322591232
323066368
323066368
323066368
323066368
322919936
322919936
322919936
322919936
322919936
322919936
322919936
322063872
322067968
322067968
322067968
322067968
322067968
322067968
322067968
322067968
322067968
322067968
322067968
322690560
322690560
322690560
322690560
322690560
322690560
322690560
322690560
322690560
322690560
322690560
322690560
322280960
322285056
322285056
322285056
322285056
322285056
322285056
322285056
322285056
322285056
322285056
322285056
322948608
322948608
322948608
322948608
322948608
322948608
322948608
322948608
322948608
322948608
322948608
322948608
322027008
322027008
322027008
322027008
322027008
322027008
322027008
322027008
322027008
322027008
322027008
322027008
322674176
322674176
322674176
322674176
322674176
322674176
322674176
322674176
322674176
322674176
322674176
322674176
281878016
281878016
281878016
281878016
281878016
281878016
281878016
281878016
281878016
281878016
281878016
281878016
283737600
283737600
283737600
283737600
283737600
283737600
283737600
283737600
283737600
283737600
283737600
283737600
322199040
322199040
322199040
322199040
322199040
322199040
322199040
322199040
322199040
322199040
322199040
322199040
282463744
282463744
282463744
282463744
282463744
282463744
282463744
282463744
282463744
282539520
282539520
282539520
282040832
282040832
282040832
282040832
282040832
282040832
282040832
282040832
282040832
282040832
282040832
282040832
283548160
283548160
283548160
283548160
283548160
283548160
283548160
283548160
283548160
283548160
283548160
283548160
322406912
322406912
322406912
322406912
322406912
322406912
322406912
322406912
322406912
322406912
322406912
322406912
323111424
323111424
323111424
323111424
323111424
323111424
323079680
323111424
323111424
323111424
323111424
323111424
325462528
322447872
322447872
322447872
322447872
322447872
322447872
322447872
322447872
322447872
322447872
322447872
325622272
323185152
323185152
323185152
323185152
323185152
323185152
323185152
323185152
323185152
323185152
323185152
322501120
322501120
322501120
322501120
322501120
322501120
322501120
322501120
322501120
322501120
322501120
322501120
282819072
282819072
282819072
282819072
282819072
282819072
282819072
282819072
282819072
282819072
282819072
282819072
322800128
322800128
322800128
322800128
322800128
322800128
322800128
322800128
322800128
322800128
322800128
322800128
323287552
323291648
323291648
323291648
323291648
323291648
323291648
323291648
323258880
323258880
323258880
323258880
322398720
322398720
322398720
322398720
322398720
322398720
322398720
322398720
322398720
322398720
322398720
322398720
282892800
282892800
282892800
282892800
282892800
282892800
282892800
282892800
282892800
282892800
282892800
282892800
323123712
323123712
323123712
323123712
323123712
323123712
323123712
323123712
323123712
323123712
323123712
323123712
323324416
323324416
323324416
323324416
323324416
323324416
323324416
323324416
323324416
323324416
323324416
333572608
322861568
322861568
322861568
322861568
322861568
322861568
322861568
322861568
322861568
322861568
322861568
322628096
323103232
323103232
323103232
323103232
323103232
323103232
323103232
323103232
323103232
323103232
323103232
322865664
322570752
322570752
322570752
322570752
322570752
322570752
322570752
322570752
322570752
322570752
322570752
322181632
323095040
323095040
323095040
323095040
323095040
323095040
323095040
323095040
323095040
323095040
323095040
323385856
323111424
323111424
323111424
323111424
323111424
323111424
323111424
323111424
323111424
323111424
323111424
322533888
323394048
323394048
323394048
323394048
323394048
323394048
323394048
323394048
323394048
323394048
323394048
282847744
322374144
322374144
322374144
322374144
322374144
322374144
322374144
322374144
322374144
322374144
322374144
322329088
323111424
323111424
323111424
323111424
323111424
323111424
323111424
323111424
323111424
323111424
323111424
323247616
323279360
323279360
323279360
323279360
323279360
323279360
323279360
323279360
323279360
323279360
323279360
323611136
323611136
323611136
323611136
323611136
323611136
323611136
323611136
323611136
323611136
323611136
323611136
322939392
322967040
322967040
322967040
322967040
322967040
322967040
322967040
322967040
322967040
322967040
322967040
323581440
323585536
323585536
323585536
323585536
323585536
323585536
323585536
323552768
323552768
323552768
323552768
326580736
282362368
282362368
282362368
282399232
282399232
282399232
282399232
282399232
282399232
282399232
282399232
324030976
324030976
324030976
324030976
324030976
324030976
324030976
324030976
324030976
324030976
324030976
324030976
326434304
322969088
322969088
322969088
322969088
322969088
322969088
322969088
322928128
322928128
322928128
322928128
363490816
363490816
363490816
363490816
363490816
363490816
363490816
363490816
363490816
363490816
363490816
363490816
362995200
362995200
362995200
362995200
362995200
362995200
362995200
362995200
362995200
362995200
362995200
362995200
326217216
323718656
323718656
323718656
323718656
323718656
323718656
323718656
323718656
323718656
323718656
323718656
326528512
323124736
323124736
323124736
323128832
323128832
323128832
323128832
323128832
323128832
323128832
323128832
323706368
323706368
323706368
323706368
323706368
323706368
323706368
323706368
323706368
323706368
323706368
323706368
323214848
323214848
323214848
323214848
323214848
323214848
323214848
323214848
323214848
323214848
323214848
323214848
323837440
323837440
323837440
323837440
323837440
323837440
323837440
323837440
323837440
323837440
323837440
323837440
326438400
322907648
322907648
322907648
322907648
322907648
322907648
322907648
322907648
322907648
322907648
322907648
323386880
323386880
323386880
323386880
323386880
323386880
323386880
323386880
323386880
323386880
323386880
323386880
323259904
323259904
323259904
323259904
323259904
323259904
323259904
323259904
323259904
323259904
323259904
323259904
323509760
323509760
323509760
323509760
323509760
323509760
323509760
323509760
323509760
323509760
323509760
323509760
363056640
363056640
363056640
363056640
363056640
363056640
363056640
363056640
363056640
363056640
363056640
363056640
324103680
324103680
324103680
324103680
324103680
324103680
324103680
324103680
324103680
324103680
324103680
324103680
323140096
323140096
323140096
323140096
323144192
323144192
323144192
323144192
323144192
323144192
323144192
323668480
323856896
323856896
323856896
323856896
323860992
323860992
323860992
323860992
323860992
323860992
323860992
323791360
323217920
323217920
323217920
323217920
323217920
323217920
323217920
323217920
323217920
323217920
323217920
322701824
323631616
323631616
323631616
323631616
323631616
323631616
323631616
323631616
323631616
323631616
323631616
323750400
323402240
323402240
323402240
323402240
323402240
323402240
323402240
323402240
323402240
323402240
323402240
323000832
284002816
284002816
284002816
284002816
284002816
284002816
284002816
284002816
284002816
284002816
284002816
324565504
282880512
282880512
282880512
282880512
282880512
282880512
282880512
282880512
282880512
282880512
282880512
325020160
324102656
324102656
324102656
324102656
324102656
324102656
324102656
324102656
324075008
324102656
324102656
327031296
323537408
323537408
323537408
323537408
323537408
323537408
323537408
323537408
323537408
323537408
323537408
324372992
324372992
324372992
324372992
324372992
324372992
324372992
324372992
324372992
324372992
324372992
324372992
323947008
323406336
323406336
323406336
323406336
323406336
323406336
323406336
323406336
323406336
323406336
323406336
323328512
324135424
324135424
324135424
324135424
324135424
324135424
324135424
324135424
324135424
324135424
324135424
291346944
323209728
323209728
323209728
323213824
323213824
323213824
323213824
323213824
323213824
323213824
323213824
324463104
324463104
324463104
324463104
324463104
324463104
324463104
324463104
324463104
324463104
324463104
324463104
283105792
283105792
283105792
283105792
283109888
283109888
283109888
283109888
283109888
283109888
283109888
283109888
284187136
284187136
284187136
284187136
284187136
284187136
284187136
284187136
284187136
284187136
284187136
284187136
327162368
323701248
323701248
323701248
323701248
323701248
323701248
323701248
323701248
323701248
323701248
323701248
324364800
324364800
324364800
324364800
324368896
324368896
324368896
324368896
324368896
324368896
324368896
324368896
323586560
323586560
323586560
323586560
323586560
323586560
323586560
323586560
323586560
323586560
323586560
323586560
324344320
324344320
324344320
324344320
324344320
324344320
324344320
324344320
324344320
324344320
324344320
324344320
324123136
324123136
324123136
324123136
324095488
324123136
324123136
324123136
324123136
324123136
324123136
324123136
325532160
324758016
324758016
324758016
324758016
324758016
324758016
324758016
324758016
324758016
324758016
324758016
324123136
324123136
324123136
324123136
324123136
324123136
324123136
324123136
324123136
324123136
324123136
324123136
328391168
324508160
324508160
324508160
324512256
324512256
324512256
324512256
324512256
324512256
324512256
324512256
324200960
324200960
324200960
324200960
324200960
324200960
324200960
324200960
324200960
324200960
324200960
324200960
324643328
324643328
324643328
324643328
324647424
324647424
324647424
324647424
324647424
324647424
324647424
324647424
324225536
324225536
324225536
324225536
324225536
324225536
324225536
324225536
324225536
324225536
324225536
324225536
324958720
324958720
324958720
324958720
324958720
324958720
324958720
324958720
324958720
324958720
324958720
324958720
323791360
323791360
323791360
323791360
323791360
323791360
323791360
323791360
323791360
323791360
323791360
324053504
325184000
325184000
325184000
325184000
325184000
325184000
325184000
325184000
325138944
325138944
325138944
324569600
323373568
323373568
323373568
323373568
323377664
323377664
323377664
323377664
323377664
323377664
323377664
323783168
284273152
284273152
284273152
284273152
284281344
284281344
284281344
284281344
284281344
284281344
284281344
284260864
283834880
283834880
283834880
283834880
283834880
283834880
283834880
283834880
283834880
283834880
283834880
323951104
324737536
324737536
324737536
324737536
324737536
324737536
324737536
324737536
324737536
324737536
324737536
324483584
326273536
327948800
324114944
324114944
324114944
324114944
324114944
324114944
324114944
324114944
324114944
284416512
284137984
284137984
284137984
284137984
284137984
284137984
284137984
284137984
284137984
284137984
284137984
296659456
324483584
324483584
324483584
324483584
324483584
324483584
324483584
324483584
324483584
324483584
324483584
284224000
284224000
284224000
284224000
284224000
284228096
284228096
284228096
284228096
284228096
284228096
284228096
289335808
284264960
284264960
284264960
284264960
284269056
284269056
284269056
284269056
284269056
284269056
284269056
324413952
324958720
324958720
324958720
324958720
324962816
324962816
324962816
324962816
324962816
324962816
324962816
324282880
324282880
324282880
324282880
324282880
324286976
324286976
324286976
324286976
324286976
324286976
324286976
325020160
325024256
325024256
325024256
325024256
325024256
325024256
325024256
325024256
325024256
325024256
325024256
324672000
324672000
324672000
324672000
324712960
324712960
324712960
324712960
324712960
324712960
324712960
324712960
327113216
324979200
324979200
324979200
324979200
324979200
324979200
324979200
324979200
324979200
324979200
324979200
327903744
284019200
284019200
284019200
284019200
284019200
284019200
284019200
284019200
284019200
284019200
284019200
329923072
325962240
325962240
325962240
325962240
325962240
325962240
325962240
325962240
325962240
325962240
325962240
284211712
284211712
284211712
284211712
284211712
284211712
284211712
284211712
284211712
284211712
284211712
284211712
324958720
324958720
324958720
324958720
324958720
324958720
324958720
324958720
324958720
324958720
324958720
324958720
323963392
323963392
323963392
323963392
323963392
323963392
323963392
323963392
323963392
323963392
323963392
323963392
325573120
325573120
325573120
325573120
325573120
325573120
325573120
325573120
325573120
325573120
325573120
325573120
324430336
324430336
324430336
324430336
324434432
324434432
324434432
324434432
324393472
324393472
324393472
324393472
325147136
325147136
325147136
325147136
325147136
325147136
325147136
325147136
325147136
325147136
325147136
325147136
324696576
324696576
324696576
324696576
324696576
324696576
324696576
324696576
324696576
324696576
324696576
324696576
285096448
285096448
285096448
285096448
285096448
285096448
285096448
285096448
285096448
285096448
285096448
285096448
324192768
324192768
324192768
324192768
324192768
324192768
324192768
324192768
324192768
324192768
324192768
324192768
325265920
325265920
325265920
325265920
325270016
325270016
325270016
325270016
325270016
325270016
325270016
325270016
324581888
324581888
324581888
324581888
324581888
324581888
324581888
324581888
324581888
324581888
324581888
324581888
325450240
325450240
325450240
325450240
325450240
325450240
325450240
325450240
325450240
325450240
325450240
285280768
324663808
324663808
324663808
324663808
324663808
324663808
324663808
324663808
324663808
324663808
324663808
324569600
325487104
325487104
325487104
325487104
325487104
325487104
325487104
325487104
325474816
325473792
325473792
335508992
324638208
324638208
324638208
324638208
324638208
324638208
324638208
324638208
324638208
324638208
324638208
324728320
333399552
325748224
325748224
325748224
325748224
325748224
325748224
325748224
325748224
325748224
325748224
325473792
284526080
284526080
284526080
284526080
284526080
284526080
284526080
284526080
284526080
284526080
284526080
335394304
326403584
326403584
326403584
326403584
326403584
326403584
326403584
326403584
326403584
326403584
326403584
285038080
324888064
324888064
324888064
324888064
324888064
324888064
324888064
324847104
324847104
324847104
324847104
325518848
325518848
325518848
325518848
325518848
325518848
325518848
325518848
325518848
325518848
325518848
325518848
325395968
325400064
325400064
325400064
325400064
325400064
325400064
325400064
325400064
325400064
325400064
325400064
328119808
325551616
325551616
325551616
325551616
325551616
325551616
325551616
325518848
325518848
325518848
325518848
324724224
324724224
324724224
324724224
324724224
324724224
324724224
324724224
324724224
324724224
324724224
324724224
324273664
325412352
325412352
325412352
325412352
325412352
325412352
325412352
325412352
325412352
325412352
325412352
325031424
325031424
325031424
325031424
325031424
325031424
325031424
325031424
325031424
325031424
325031424
325031424
327861760
325375488
325375488
325375488
325375488
325375488
325375488
325375488
325359104
325359104
325359104
325359104
324998656
324998656
324998656
324998656
324998656
324998656
324998656
324998656
324998656
324998656
324998656
324998656
325572096
325572096
325572096
325572096
325576192
325576192
325576192
325576192
325576192
325576192
325576192
325576192
328537600
324990464
324990464
324990464
324990464
324990464
324990464
324990464
324990464
324990464
324990464
324990464
325244416
325244416
325244416
325244416
325244416
325244416
325244416
325244416
325244416
325244416
325244416
325244416
328427008
324912640
324912640
324912640
324912640
324912640
324912640
324912640
324912640
324912640
324912640
324912640
326567424
325826048
325826048
325826048
325826048
325826048
325826048
325826048
325826048
325826048
325826048
325826048
328640000
324953600
324953600
324953600
324953600
324953600
324953600
324953600
324953600
324953600
324953600
324953600
325572096
325572096
325572096
325572096
325572096
325572096
325572096
325572096
325572096
325572096
325572096
325572096
324871680
324871680
324871680
324871680
324871680
324871680
324871680
324871680
324871680
324871680
324871680
324871680
325658112
325658112
325658112
325658112
325658112
325658112
325658112
325658112
325658112
325658112
325658112
325658112
325121536
325121536
325121536
325121536
325121536
325121536
325121536
325121536
325121536
325121536
325121536
325121536
325944832
325944832
325944832
325944832
325944832
325944832
325944832
325944832
325944832
325944832
325944832
325944832
324937216
324937216
324937216
324937216
324937216
324937216
324937216
324937216
324937216
324937216
324933120
324933120
326157824
326157824
326157824
326157824
326157824
326157824
326157824
326157824
326157824
326157824
326157824
326157824
325187072
325187072
325187072
325187072
325187072
325187072
325187072
325187072
325187072
325187072
325187072
335472128
325973504
325973504
325973504
325973504
325973504
325973504
325973504
325973504
325973504
325973504
325973504
325756416
325305856
325305856
325305856
325305856
325309952
325309952
325309952
325309952
325268992
325268992
325268992
335672832
285615616
285615616
285615616
285615616
285615616
285615616
285615616
285615616
285615616
285615616
285615616
326350336
325531136
325531136
325531136
325531136
325531136
325531136
325531136
325531136
325531136
325531136
325531136
335664640
328283648
328128000
325756416
325756416
325756416
325756416
325756416
325756416
325756416
325756416
325756416
285722112
325236224
325236224
325236224
325236224
325236224
325236224
325236224
325236224
325236224
325236224
325236224
329844224
326166016
326166016
326166016
326166016
326166016
326166016
326166016
326166016
326166016
326166016
326166016
336288256
325583360
325583360
325583360
325583360
325583360
325583360
325583360
325583360
325582336
325582336
325582336
365960704
365964800
365964800
365964800
365964800
365964800
365964800
365964800
365964800
365964800
365964800
365964800
329227776
325733888
325733888
325733888
325733888
325733888
325733888
325733888
325733888
325733888
325733888
325733888
326209024
326209024
326209024
326209024
326209024
326209024
326209024
326209024
326209024
326209024
326209024
326209024
369049088
285052416
285052416
285052416
285052416
285052416
285052416
285052416
285052416
285052416
285052416
285052416
330579456
285613568
285613568
285613568
285613568
285613568
285613568
285613568
285613568
285613568
285613568
285613568
329645568
285011456
285011456
285011456
285011456
285011456
285011456
285011456
285011456
285011456
285011456
285011456
286080512
286080512
286080512
286080512
286080512
286080512
286080512
286080512
286080512
286080512
286080512
286080512
331144704
285396480
285396480
285396480
285404672
285404672
285404672
285404672
285404672
285404672
285404672
285404672
326675968
326675968
326675968
326675968
326680064
326680064
326680064
326680064
326680064
326680064
326680064
326680064
329231872
325709312
325709312
325709312
325709312
325709312
325709312
325709312
325709312
325709312
325709312
325709312
326225408
326225408
326225408
326225408
326225408
326225408
326225408
326225408
326204928
326204928
326204928
326204928
285441536
285441536
285441536
285441536
285441536
285441536
285441536
285441536
285425152
285425152
285425152
285425152
326925824
326925824
326925824
326925824
326925824
326925824
326925824
326925824
326925824
326925824
326925824
326925824
325479936
325479936
325479936
325479936
325479936
325479936
325479936
325479936
325479936
325479936
325479936
325479936
285781504
285781504
285781504
285781504
285781504
285781504
285781504
285781504
285781504
285781504
285781504
285781504
286432768
286432768
286432768
286432768
286432768
286432768
286432768
286432768
286432768
286432768
286432768
286432768
285650432
285650432
285650432
285650432
285650432
285650432
285650432
285650432
285650432
285650432
285650432
285650432
285556224
285556224
285556224
285556224
285556224
285556224
285556224
285556224
285556224
285556224
285556224
285556224
286182912
286182912
286182912
286182912
286182912
286182912
286182912
286182912
286182912
286182912
286182912
286182912
325905920
325905920
325905920
325905920
325905920
325905920
325905920
325905920
325905920
325905920
325905920
310009344
286359040
286359040
286359040
286359040
286359040
286359040
286359040
286359040
286359040
286359040
286359040
326065664
325570048
325570048
325570048
325570048
325570048
325570048
325570048
325570048
325570048
325570048
325570048
325783040
326721024
326721024
326721024
326721024
326721024
326721024
326721024
326721024
326721024
326721024
326721024
336743936
325668352
325668352
325668352
325668352
325668352
325668352
325668352
325668352
325668352
325668352
325668352
325611008
326364672
326364672
326364672
326364672
326364672
326364672
326364672
326364672
326364672
326364672
326364672
337120768
325778944
325778944
325778944
325778944
325778944
325778944
325778944
325778944
325778944
325778944
325778944
285838848
326802944
326802944
326802944
326802944
326802944
326802944
326802944
326802944
326802944
326802944
326802944
329752064
325926400
325926400
325926400
325926400
325926400
325926400
325926400
325926400
325926400
325926400
325926400
326462976
326467072
326467072
326467072
326467072
326467072
326467072
326467072
326467072
326467072
326467072
326467072
326262272
328998400
328310272
325938688
325938688
325938688
325938688
325938688
325938688
325938688
325938688
325938688
326741504
326741504
326741504
326741504
326741504
326741504
326741504
326741504
326708736
326708736
326708736
326708736
325996032
325996032
325996032
325996032
326000128
326000128
326000128
326000128
326000128
326000128
326000128
326000128
329326080
326909440
326909440
326909440
326909440
326909440
326909440
326909440
326884864
326884864
326859264
326884864
325938688
325938688
325938688
325938688
325938688
325938688
325938688
325938688
325938688
325938688
325938688
325938688
329027072
326917632
326917632
326917632
326917632
326917632
326917632
326917632
326905344
326905344
326905344
326905344
326012416
326012416
326012416
326012416
326012416
326012416
326012416
326012416
326012416
326012416
326012416
326012416
328683008
326528512
326528512
326528512
326528512
326528512
326528512
326528512
326528512
326528512
326528512
326528512
329432576
326028800
326028800
326028800
326028800
326028800
326028800
326028800
326028800
326028800
326028800
326028800
326696448
326696448
326696448
326696448
326696448
326696448
326696448
326696448
326696448
326696448
326696448
326696448
326016512
326016512
326016512
326016512
326016512
326016512
326016512
326016512
326016512
326016512
326016512
326016512
330882560
326729216
326729216
326729216
326729216
326729216
326729216
326729216
326729216
326729216
326729216
326729216
285969920
285969920
285969920
285969920
285969920
285969920
285969920
285969920
285969920
285969920
285969920
285969920
326888960
326888960
326888960
326888960
326888960
326888960
326888960
326888960
326888960
326888960
326888960
326888960
326495744
326495744
326495744
326495744
326495744
326495744
326495744
326495744
326495744
326495744
326495744
326495744
326868480
326868480
326868480
326868480
326868480
326868480
326868480
326868480
326868480
326868480
326868480
326868480
326364672
326364672
326364672
326364672
326337024
326364672
326364672
326364672
326364672
326364672
326364672
326364672
327183872
327183872
327183872
327183872
327183872
327183872
327183872
327183872
327183872
327183872
327183872
327183872
326458880
326458880
326458880
326458880
326458880
326458880
326458880
326458880
326458880
326458880
326458880
326536704
367078912
367078912
367078912
367078912
367078912
367078912
367078912
367078912
367078912
367078912
367078912
366816768
366247424
366247424
366247424
366247424
366247424
366247424
366247424
366247424
366247424
366247424
366247424
366128640
366812672
366812672
366812672
366812672
366812672
366812672
366812672
366812672
366812672
366812672
366812672
366722560
366497280
366497280
366497280
366497280
366497280
366497280
366497280
366497280
366497280
366497280
366497280
326262272
327212544
327212544
327212544
327212544
327212544
327212544
327212544
327212544
327212544
327212544
327212544
327020032
326512128
326512128
326512128
326512128
326516224
326516224
326516224
326500864
326516224
326516224
326516224
326024704
326987264
326987264
326987264
326987264
326987264
326987264
326987264
326987264
326987264
326987264
326987264
326725120
326725120
326725120
326725120
326725120
326725120
326725120
326725120
326725120
326725120
326725120
326725120
331070976
327384576
327384576
327384576
327384576
327384576
327384576
327384576
327384576
327384576
327384576
327384576
326934016
326934016
326934016
326934016
326934016
326934016
326934016
326934016
326934016
326934016
326934016
326934016
327196160
327200256
327200256
327200256
327200256
327200256
327200256
327200256
327200256
327200256
327200256
327200256
287374848
331017728
330698240
326876672
326876672
326876672
326876672
326876672
326876672
326876672
326876672
326876672
329764352
327364096
327364096
327364096
327364096
327364096
327364096
327364096
327364096
327364096
327364096
327364096
326659584
326659584
326659584
326659584
326659584
326659584
326659584
326659584
326659584
326659584
326659584
326659584
331443712
327343616
327343616
327343616
327343616
327343616
327343616
327343616
327343616
327343616
327343616
327343616
326573568
326573568
326573568
326573568
326573568
326573568
326573568
326573568
326573568
326573568
326573568
326573568
331636224
327831040
327831040
327831040
327831040
327831040
327831040
327831040
327831040
327831040
327831040
327831040
329989632
326458880
326458880
326458880
326458880
326458880
326458880
326458880
326458880
326458880
326458880
326458880
327769600
327769600
327769600
327769600
327769600
327769600
327769600
327769600
327769600
327769600
327769600
327769600
326766080
326766080
326766080
326766080
326766080
326766080
326766080
326766080
326766080
326766080
326766080
326766080
327417344
327417344
327417344
327417344
327417344
327417344
327417344
327417344
327417344
327417344
327417344
327417344
326843904
326843904
326843904
326843904
326843904
326843904
326843904
326843904
326843904
326843904
326843904
326843904
286961152
286961152
286961152
286961152
286961152
286961152
286929408
286961152
286961152
286961152
286961152
286961152
288796160
289058304
286670336
286670336
286670336
286670336
286670336
286670336
286670336
286670336
286670336
286670336
327450112
327450112
327450112
327450112
327450112
327450112
327450112
327425536
327425536
327425536
327425536
327425536
326860288
326860288
326860288
326860288
326860288
326860288
326860288
326860288
326860288
326860288
326860288
326860288
327421440
327421440
327421440
327421440
327421440
327421440
327421440
327421440
327421440
327421440
327421440
327421440
326979072
326979072
326979072
326979072
326979072
326979072
326979072
326979072
326979072
326979072
326979072
279580160
327589376
327589376
327589376
327589376
327589376
327589376
327589376
327589376
327589376
327589376
327589376
327327232
326962688
326962688
326962688
326962688
326962688
326962688
326962688
326962688
326962688
326962688
326962688
326925824
327679488
327679488
327679488
327679488
327679488
327679488
327679488
327679488
327679488
327679488
327679488
327331328
326999552
326999552
326999552
326999552
326999552
326999552
326999552
326999552
326999552
326999552
326999552
337030656
328023552
328023552
328023552
328023552
328023552
328023552
328023552
328023552
328023552
328023552
328023552
327720448
327028224
327028224
327028224
327028224
327028224
327028224
327028224
327028224
327028224
327028224
327028224
326761984
327790080
327790080
327790080
327790080
327790080
327790080
327790080
327790080
327790080
327790080
327790080
330923520
327101952
327101952
327101952
327101952
327101952
327101952
327101952
327101952
327101952
327101952
327101952
327593472
327593472
327593472
327593472
327593472
327593472
327593472
327593472
327593472
327593472
327593472
327593472
326663680
326663680
326663680
326663680
326663680
326663680
326663680
326663680
326663680
326663680
326663680
326663680
327802368
327802368
327802368
327802368
327802368
327806464
327806464
327806464
327806464
327806464
327806464
327806464
294862336
286338560
286338560
286338560
286338560
286338560
286338560
286338560
286338560
286338560
286338560
286338560
287378944
287378944
287378944
287378944
287378944
287378944
287378944
287378944
287378944
287378944
287378944
287378944
330132992
326626816
326626816
326626816
326626816
326626816
326626816
326626816
326626816
326626816
326626816
326626816
327097856
327097856
327097856
327097856
327097856
327097856
327097856
327097856
327097856
327097856
327097856
327097856
326823424
326823424
326823424
326823424
326823424
326823424
326823424
326823424
326823424
326823424
326823424
326823424
329993728
327740928
327740928
327740928
327740928
327740928
327740928
327740928
327708160
327708160
327708160
327708160
330976768
286400000
286400000
286400000
286408192
286408192
286408192
286408192
286408192
286408192
286408192
286408192
328068608
328068608
328068608
328068608
328068608
328068608
328068608
328068608
328068608
328068608
328068608
328068608
328850944
326757888
326757888
326757888
326757888
326757888
326757888
326757888
326757888
326757888
326757888
326757888
327417344
327417344
327417344
327417344
327417344
327417344
327417344
327417344
327417344
327417344
327417344
327417344
326917632
326917632
326917632
326917632
326917632
326917632
326917632
326917632
326917632
326917632
326917632
326917632
330255872
328277504
328277504
328277504
328277504
328277504
328277504
328277504
328277504
328277504
328277504
328277504
327282176
327282176
327282176
327282176
327282176
327282176
327282176
327282176
327282176
327282176
327282176
327282176
328187392
328187392
328187392
328187392
328187392
328187392
328187392
328187392
328187392
328187392
328187392
328187392
326929920
326929920
326929920
326929920
326929920
326929920
326929920
326929920
326929920
326929920
326929920
326929920
287264256
287264256
287264256
287264256
287264256
287264256
287264256
287264256
287264256
287264256
287264256
287264256
287051264
287051264
287051264
287051264
287051264
287051264
287051264
287051264
287051264
287051264
287051264
287096320
287120896
287120896
287120896
287120896
287120896
287120896
287120896
287120896
287120896
287120896
287120896
288271872
287952384
287952384
287952384
287952384
287952384
287952384
287952384
287952384
287952384
287952384
287952384
326950400
327855616
327855616
327855616
327855616
327855616
327855616
327855616
327855616
327855616
327855616
327855616
327302656
326962688
326962688
326962688
326962688
326962688
326962688
326962688
326962688
326962688
326962688
326962688
327020032
327941632
327941632
327941632
327941632
327941632
327941632
327941632
327941632
327941632
327941632
327941632
328003072
286846464
286846464
286846464
286846464
286846464
286846464
286846464
286846464
286846464
286846464
286846464
287866368
287563264
287563264
287563264
287563264
287563264
287563264
287563264
287563264
287563264
287563264
287563264
290803200
287313408
287313408
287313408
287313408
287313408
287313408
287313408
287313408
287313408
287313408
287313408
328056320
328060416
328060416
328060416
328060416
328060416
328060416
328060416
328060416
328060416
328060416
328060416
327192064
327196160
327196160
327196160
327196160
327196160
327196160
327196160
327196160
327196160
327196160
327196160
289598976
287706624
287706624
287706624
287706624
287710720
287710720
287710720
287710720
287710720
287710720
287710720
327802368
327802368
327802368
327802368
327802368
327802368
327802368
327802368
327802368
327802368
327802368
327802368
327790080
327790080
327790080
327790080
327790080
327773696
327773696
327773696
327773696
327757312
327757312
327757312
330894848
286965248
286965248
286965248
286965248
286965248
286965248
286965248
286965248
286965248
286965248
286965248
328416768
328416768
328416768
328416768
328420864
328420864
328420864
328420864
328420864
328420864
328420864
328420864
331156992
327425536
327425536
327425536
327425536
327425536
327425536
327425536
327425536
327425536
327425536
327425536
288030208
288030208
288030208
288030208
288030208
288030208
288030208
288030208
288030208
288030208
288026112
288026112
332000768
328277504
328277504
328277504
328277504
328277504
328277504
328277504
328277504
328277504
328277504
328277504
328424960
328424960
328424960
328424960
328424960
328424960
328424960
328424960
328424960
328424960
328424960
328424960
327523840
327523840
327523840
327523840
327523840
327523840
327523840
327523840
327523840
327523840
327523840
327523840
328097280
328097280
328097280
328097280
328097280
328097280
328097280
328097280
328097280
328097280
328097280
328097280
331161088
332492288
327773696
327773696
327773696
327773696
327773696
327773696
327773696
327773696
327773696
327773696
328605184
328605184
328605184
328605184
328605184
328605184
328605184
328605184
328605184
328605184
328605184
328605184
327925248
327925248
327925248
327925248
327925248
327925248
327925248
327925248
327925248
327925248
327925248
327925248
288099840
288099840
288099840
288099840
288099840
288099840
288099840
288099840
288099840
288099840
288099840
288099840
287309312
287309312
287309312
287309312
287313408
287313408
287313408
287313408
287313408
287313408
287313408
287313408
288538112
288542208
288542208
288542208
288542208
288542208
288542208
288542208
288542208
288542208
288542208
288542208
327597568
327597568
327597568
327597568
327597568
327597568
327597568
327597568
327597568
327597568
327597568
327597568
328211968
328211968
328211968
328211968
328211968
328211968
328211968
328211968
328211968
328211968
328211968
361004544
327732736
327732736
327732736
327732736
327732736
327732736
327732736
327732736
327732736
327732736
327732736
327679488
328404480
328404480
328404480
328404480
328404480
328404480
328404480
328404480
328404480
328404480
328404480
338034176
327704064
327704064
327704064
327704064
327704064
327704064
327704064
327704064
327704064
327704064
327704064
327470592
328285696
328285696
328285696
328285696
328289792
328144384
328144384
328144384
328144384
328144384
328144384
328463872
328058368
328058368
328058368
328058368
328058368
328058368
328058368
328058368
328058368
328058368
328058368
327738880
328496640
328496640
328496640
328496640
328496640
328496640
328496640
328496640
328488448
328488448
328488448
288404992
287421952
287421952
287497728
287497728
287501824
287571456
287571456
287571456
287571456
287571456
287571456
328953344
328953344
328953344
328953344
328953344
328953344
328953344
328953344
328953344
328953344
328924672
328924672
327876096
327880192
327880192
327880192
327880192
327880192
327880192
327880192
327880192
327880192
327880192
327880192
328326656
328326656
328326656
328326656
328326656
328326656
328326656
328326656
328326656
328326656
328326656
328326656
327904768
327904768
327904768
327904768
327904768
327904768
327904768
327904768
327904768
327904768
327904768
327904768
328809984
328809984
328809984
328809984
328809984
328809984
328809984
328809984
328809984
328809984
328809984
328809984
287591936
287591936
287591936
287591936
287591936
287591936
287591936
287591936
287591936
287591936
287591936
287591936
289525248
289525248
289525248
289525248
289525248
289525248
289525248
289525248
289525248
289525248
289525248
289525248
331349504
327872000
327872000
327872000
327872000
327872000
327872000
327872000
327872000
327872000
327872000
327872000
328744448
328744448
328744448
328744448
328744448
328744448
328744448
328744448
328744448
328744448
328744448
328744448
328441344
328441344
328441344
328441344
328441344
328441344
328441344
328441344
328441344
328441344
328441344
328441344
328740352
328740352
328740352
328740352
328740352
328740352
328740352
328740352
328740352
328740352
328740352
328740352
287702528
287702528
287702528
287702528
287702528
287702528
287702528
287702528
287702528
287702528
287702528
287702528
292720128
288779776
288779776
288779776
288779776
288779776
288779776
288779776
288779776
288779776
288754176
288779776
331742720
328175104
328175104
328175104
328175104
328175104
328175104
328175104
328175104
328175104
328175104
328175104
329084416
329084416
329084416
329084416
329084416
329084416
329084416
329084416
329084416
329084416
329084416
329084416
330579456
328457728
328457728
328457728
328457728
328457728
328457728
328457728
328457728
328457728
328457728
328457728
328826368
328826368
328826368
328826368
328826368
328826368
328826368
328826368
328826368
328826368
328826368
328826368
331984384
327970304
327970304
327970304
327970304
327970304
327970304
327970304
327970304
327970304
327970304
327970304
288611840
288611840
288611840
288611840
288615936
288615936
288615936
288615936
288615936
288615936
288615936
288615936
328756736
328756736
328756736
328756736
328756736
328756736
328756736
328756736
328756736
328756736
328756736
328756736
328982016
328982016
328982016
328982016
328982016
328982016
328982016
328982016
328982016
328982016
328982016
328982016
328187392
328187392
328187392
328187392
328187392
328187392
328187392
328187392
328187392
328187392
328187392
392711680
288767488
288767488
288767488
288767488
288767488
288767488
288767488
288767488
288767488
288767488
288767488
339209728
328379904
328379904
328379904
328379904
287915520
287915520
287915520
287915520
287915520
287915520
287915520
328400384
329182720
329182720
329182720
329182720
329182720
329182720
329182720
329182720
329182720
329182720
329182720
328957440
287948288
287948288
287948288
287948288
287921664
287948288
287948288
287948288
287948288
287948288
287948288
328334848
288910848
288910848
288910848
288910848
288910848
288910848
288910848
288910848
288910848
288910848
288910848
329367040
328859136
328859136
328859136
328859136
328859136
328859136
328859136
328859136
328859136
328859136
328859136
328752640
288738816
288738816
288738816
288738816
288738816
288738816
288738816
288738816
288706048
288706048
288706048
288849408
288439808
288439808
288439808
288439808
288439808
288439808
288439808
288439808
288439808
288439808
288439808
329534976
329534976
329534976
329534976
329534976
329539072
329539072
329539072
329539072
329539072
329539072
329539072
328551936
328551936
328551936
328551936
328551936
328551936
328551936
328551936
328551936
328551936
328551936
328551936
288734720
288738816
288738816
288738816
288738816
288738816
288738816
288738816
288738816
288738816
288738816
288738816
288595456
288595456
288595456
288595456
288595456
288595456
288595456
288595456
288595456
288595456
288595456
288595456
329301504
329301504
329301504
329301504
329305600
329305600
329305600
329305600
329305600
329305600
329305600
329305600
328687104
328687104
328687104
328687104
328687104
328687104
328687104
328687104
328687104
328687104
328687104
328687104
329346560
329346560
329346560
329346560
329346560
329346560
329346560
329346560
329346560
329346560
329346560
329346560
330567168
328551936
328551936
328551936
328551936
328551936
328551936
328551936
328551936
328551936
328551936
328551936
329608704
329608704
329608704
329608704
329608704
329608704
329608704
329608704
329608704
329608704
329608704
329608704
328596992
328596992
328596992
328596992
328596992
328596992
328596992
328596992
328596992
328596992
328596992
328596992
331472384
329182720
329182720
329182720
329182720
329182720
329182720
329182720
329182720
329182720
329182720
329182720
328965632
328965632
328965632
328965632
328965632
328965632
328965632
328965632
328965632
328965632
328965632
328965632
288873984
288873984
288873984
288873984
288873984
288873984
288873984
288873984
288873984
288873984
288873984
288873984
331070976
329031168
329031168
329031168
329031168
329031168
329031168
329031168
329031168
329031168
329031168
329031168
289078784
289078784
289078784
289078784
289078784
289078784
289078784
289078784
289078784
289078784
289078784
289078784
332168704
329547264
329547264
329547264
329547264
329547264
329547264
329547264
329547264
329547264
329547264
329547264
289484288
289484288
289484288
289484288
289484288
289484288
289484288
289484288
289484288
289484288
289484288
289484288
329018880
329018880
329018880
329018880
329018880
329018880
329018880
329018880
329018880
329018880
329018880
329018880
329924096
329924096
329924096
329924096
329924096
329924096
329924096
329924096
329924096
329924096
329924096
329924096
328695296
328695296
328695296
328695296
328695296
328695296
328695296
328695296
328695296
328695296
328695296
328695296
329305600
329305600
329305600
329305600
329305600
329305600
329305600
329305600
329305600
329305600
329305600
339774976
333635072
333446656
328719872
328719872
328719872
328719872
328719872
328719872
328719872
328719872
328719872
328384000
329416192
329416192
329416192
329416192
329416192
329416192
329416192
329416192
329416192
329416192
329416192
329592320
329018880
329018880
329018880
329018880
329018880
329018880
329018880
329018880
329018880
329018880
329018880
328941056
329641472
329641472
329641472
329641472
329641472
329641472
329641472
329641472
329641472
329641472
329641472
328949248
328625664
328625664
328625664
328625664
328625664
328625664
328625664
328625664
328625664
328625664
328625664
289242624
289119744
289119744
289119744
289119744
289119744
289119744
289119744
289119744
289119744
289119744
289119744
274873856
289738240
289738240
289738240
289738240
289738240
289738240
289738240
289738240
289738240
289738240
289738240
329604608
329608704
329608704
329608704
329608704
329608704
329608704
329608704
329608704
329608704
329608704
329608704
329014784
329018880
329018880
329018880
329018880
329018880
329018880
329018880
329018880
329018880
329018880
329018880
329756160
329756160
329756160
329756160
329756160
329756160
329756160
329756160
329756160
329756160
329756160
329756160
329027072
329027072
329027072
329027072
329027072
329027072
329027072
329027072
329027072
329027072
329027072
329027072
329506304
329506304
329506304
329506304
329506304
329506304
329506304
329506304
329534976
329534976
329534976
329534976
329096704
329096704
329096704
329096704
329096704
329096704
329096704
329096704
329096704
329096704
329096704
329096704
329850368
329850368
329850368
329850368
329850368
329850368
329850368
329850368
329850368
329850368
329850368
329850368
332557824
328969728
328969728
328969728
328969728
328969728
328969728
328969728
328969728
328969728
328969728
328969728
329989632
329989632
329989632
329989632
329989632
329989632
329989632
329989632
329989632
329989632
329989632
329989632
332410368
328924672
328924672
328924672
328924672
328924672
328924672
328924672
328924672
328924672
328924672
328924672
289377792
289377792
289377792
289377792
289377792
289377792
289377792
289377792
289377792
289377792
289377792
289377792
329252352
329252352
329252352
329252352
329252352
329252352
329252352
329252352
329252352
329252352
329252352
329252352
289590784
289445376
289445376
289445376
289445376
289521152
289521152
289521152
289590784
289590784
289446400
289445376
289748480
289748480
289748480
289748480
289748480
289748480
289824256
289824256
289824256
289893888
289893888
289893888
333786624
330001920
330001920
330001920
330001920
330001920
330001920
330001920
330001920
329857536
329856512
329856512
331318784
329154048
329154048
329154048
329223680
329223680
329223680
329223680
329223680
329223680
329223680
329223680
329887232
329887232
329887232
329887232
329887232
329887232
329887232
329887232
329887232
329887232
329887232
329887232
329190912
329190912
329190912
329190912
329190912
329190912
329190912
329190912
329190912
329190912
329190912
329190912
329656832
329655808
329655808
329655808
329655808
329655808
329655808
329655808
329655808
329655808
329655808
329655808
328992256
328992256
328992256
328992256
328992256
328992256
328992256
328992256
328992256
328992256
328992256
328992256
289469952
289469952
289469952
289469952
289469952
289469952
289469952
289469952
289469952
289469952
289469952
340346368
329655808
329655808
329655808
329655808
329655808
329655808
329655808
329655808
329655808
329655808
329655808
329086464
329950720
329950720
329950720
329950720
329950720
329950720
329950720
329950720
329950720
329950720
329950720
329770496
329311744
329311744
329311744
329311744
329315840
329315840
329315840
329315840
329283072
329283072
329283072
329123328
329938432
329938432
329938432
329938432
329938432
329938432
329938432
329938432
329938432
329938432
329938432
329614848
329156096
329122304
329122304
329122304
329122304
329122304
329122304
329122304
329122304
329122304
329122304
329421312
330449408
330449408
330449408
330449408
330449408
330449408
330449408
330449408
330449408
330449408
330449408
290431488
329589248
329589248
329589248
329589248
329589248
329589248
329589248
329589248
329589248
329589248
329589248
330265088
330265088
330265088
330265088
330265088
330265088
330265088
330265088
330265088
330265088
330265088
330265088
329445888
329445888
329445888
329445888
329445888
329445888
329445888
329445888
329445888
329413120
329413120
329413120
330625536
330625536
330625536
330625536
330625536
330625536
330625536
330625536
330625536
330625536
330625536
330625536
329589248
329589248
329589248
329589248
329589248
329589248
329589248
329589248
329589248
329589248
329589248
329589248
330191360
330191360
330191360
330191360
330191360
330191360
330191360
330191360
330191360
330150400
330150400
330150400
329829888
329830912
329830912
329830912
329830912
329830912
329830912
329830912
329830912
329830912
329830912
329830912
330023424
330022400
330022400
330022400
330022400
330022400
330022400
330022400
330022400
330022400
330022400
330022400
329494016
329494016
329494016
329494016
329494016
329494016
329494016
329494016
329494016
329494016
329494016
329494016
330440192
330440192
330440192
330440192
330440192
330440192
330440192
330440192
330440192
330440192
330440192
330440192
329600512
329600512
329600512
329600512
329600512
329600512
329600512
329600512
329600512
329600512
329600512
329600512
330178048
330178048
330178048
330178048
330178048
330178048
330178048
330178048
330178048
330178048
330178048
330178048
329453056
329453056
329453056
329453056
329453056
329453056
329453056
329453056
329453056
329453056
329453056
329453056
330558976
330558976
330558976
330558976
330558976
330558976
330558976
330558976
330558976
330558976
330558976
330558976
329842176
329842176
329842176
329842176
329842176
329842176
329842176
329841152
329808384
329808384
329808384
329808384
330631680
330625536
330625536
330625536
330625536
330625536
330625536
330625536
330625536
330625536
330625536
330625536
329691648
329691648
329691648
329691648
329691648
329691648
329691648
329691648
329691648
329691648
329691648
329691648
330019328
330019328
330019328
330019328
330019328
330019328
330019328
330019328
330019328
330019328
330019328
330019328
329507328
329507328
329507328
329507328
329507328
329507328
329507328
329507328
329507328
329507328
329507328
329507328
330269184
330269184
330269184
330269184
330269184
330269184
330269184
330269184
330269184
330269184
330269184
330269184
329679360
329679360
329679360
329679360
329679360
329679360
329679360
329679360
329675264
329675264
329675264
329675264
330449408
330449408
330449408
330449408
330449408
330449408
330448384
330448384
330448384
330448384
330448384
330448384
329924096
329924096
329924096
329924096
329924096
329924096
329924096
329924096
329891328
329891328
329891328
329584128
330464768
330464768
330464768
330464768
330464768
330464768
330464768
330464768
330464768
330464768
330464768
330083840
329641472
329641472
329641472
329641472
329641472
329641472
329641472
329641472
329641472
329641472
329641472
329588224
330403328
330403328
330403328
330403328
330403328
330403328
330403328
330403328
330403328
330403328
330403328
330276352
329870848
329870848
329870848
329911808
329911808
329911808
329911808
329911808
329911808
329911808
329911808
329637376
330489344
330489344
330489344
330489344
330489344
330489344
330489344
330489344
330489344
330489344
330489344
290274816
329797120
329797120
329797120
329797120
329797120
329797120
329797120
329797120
329797120
329797120
329797120
336035328
330677760
330677760
330677760
330677760
330677760
330677760
330677760
330677760
330677760
330677760
330677760
329821696
329821696
329821696
329821696
329821696
329821696
329821696
329821696
329821696
329821696
329821696
329821696
330587648
330591744
330591744
330591744
330591744
330591744
330591744
330591744
330591744
330558976
330558976
330558976
329879040
329883136
329883136
329883136
329883136
329883136
329883136
329883136
329883136
329883136
329883136
329883136
330915328
330919424
330919424
330919424
330919424
330919424
330919424
330919424
330919424
330919424
330919424
330919424
289476096
289476096
289476096
289476096
289476096
289476096
289476096
289476096
289476096
289476096
289476096
289476096
330886656
330886656
330886656
330886656
330890752
330890752
330890752
330890752
330890752
330890752
330903040
330903040
329772544
329772544
329772544
329772544
329772544
329772544
329772544
329772544
329772544
329731584
329731584
329731584
330534400
330534400
330534400
330534400
330534400
330534400
330534400
330534400
330534400
330534400
330534400
330534400
329932288
329932288
329932288
329932288
329932288
329932288
329932288
329932288
329932288
329932288
329932288
329932288
330587648
330587648
330587648
330587648
330587648
330587648
330587648
330587648
330587648
330583552
330583552
330583552
330071552
330071552
330071552
330070528
330069504
330069504
330069504
330069504
330069504
330069504
330069504
330069504
330663424
330663424
330663424
330663424
330663424
330663424
330663424
330663424
330663424
330663424
330663424
330663424
330126848
330126848
330126848
330126848
330126848
330126848
330126848
330126848
330126848
330126848
330126848
330036736
330814976
330814976
330814976
330814976
330814976
330814976
330814976
330814976
330814976
330814976
330814976
330814976
329946624
329946624
329946624
329946624
329946624
329946624
329946624
329946624
329946624
329946624
329946624
329946624
290027008
290027008
290027008
290027008
290027008
290027008
290027008
290027008
290027008
290027008
290027008
290027008
290797056
290797056
290797056
290797056
290797056
290797056
290797056
290797056
290797056
290797056
290797056
290797056
330913280
330913280
330913280
330913280
330913280
330913280
330913280
330913280
330913280
330913280
330913280
330888704
330167808
330167808
330167808
330167808
330167808
330167808
330167808
330167808
330167808
330167808
330167808
330167808
330798592
330798592
330798592
330798592
330798592
330798592
330798592
330798592
330798592
330798592
330798592
330798592
330319360
330319360
330319360
330319360
330319360
330319360
330319360
330319360
330319360
330319360
330319360
330462720
330847744
330847744
330847744
330847744
330847744
330847744
330847744
330847744
330847744
330847744
330847744
330327552
329934336
329934336
329934336
329934336
329934336
329934336
329934336
329934336
329934336
329934336
329934336
329967104
330921472
330921472
330921472
330921472
330921472
330921472
330921472
330921472
330921472
330921472
330921472
330671616
330184192
330184192
330184192
330184192
330184192
330184192
330184192
330184192
330184192
330184192
330184192
330040832
330978816
330978816
330978816
330978816
330978816
330978816
330978816
330978816
330978816
330978816
330978816
330987008
330442240
330442240
330442240
330442240
330442240
330442240
330442240
330442240
330442240
330442240
330442240
330163712
331003392
331003392
331003392
331003392
331003392
331003392
331003392
331003392
331003392
331003392
331003392
290711040
330200576
330200576
330200576
330200576
330200576
330200576
330200576
330200576
330200576
330200576
330200576
330892800
330892800
330892800
330892800
330892800
330892800
330892800
330892800
330892800
330892800
330892800
330892800
330257920
330257920
330257920
330257920
330257920
330234368
330257920
330257920
330257920
330257920
330257920
330257920
331362816
331363840
331363840
331363840
331363840
331363840
331363840
331363840
331363840
331363840
331363840
331363840
330322432
330323456
330323456
330323456
330323456
330323456
330323456
330323456
330323456
330290688
330290688
330290688
330990080
330991104
330991104
330991104
330991104
330991104
330991104
330991104
330991104
330991104
330991104
330991104
330494464
330499584
330499584
330499584
330499584
330499584
330499584
330499584
330499584
330499584
330499584
330499584
331212288
331212288
331212288
331212288
331212288
331212288
331212288
331212288
331212288
331212288
331212288
331212288
330356224
330356224
330356224
330356224
330356224
330356224
330356224
330356224
330356224
330356224
330356224
330356224
331015680
331015680
331015680
331015680
331015680
331015680
331015680
331015680
331015680
331015680
331015680
331015680
330253824
330253824
330253824
330253824
330253824
330253824
330253824
330253824
330253824
330253824
330253824
330253824
331376128
331376128
331376128
331376128
331376128
331376128
331376128
331376128
331376128
331376128
331376128
331376128
330434048
330434048
330434048
330434048
330434048
330434048
330434048
330434048
330434048
330434048
330434048
330434048
331146752
331146752
331146752
331146752
331146752
331146752
331146752
331146752
331146752
331146752
331146752
331146752
290452992
290452992
290452992
290452992
290452992
290452992
290452992
290452992
290452992
290452992
290452992
290452992
291034624
291034624
291034624
291034624
291038720
291038720
291038720
291038720
291038720
291038720
291038720
291038720
330720768
330720768
330720768
330720768
330720768
330720768
330720768
330720768
330720768
330720768
330720768
330720768
331187712
331187712
331187712
331187712
331187712
331187712
331187712
331187712
331187712
331187712
331187712
331187712
330413568
330413568
330413568
330413568
330413568
330413568
330413568
330413568
330413568
330413568
330413568
330413568
331290112
331290112
331290112
331290112
331290112
331290112
331290112
331290112
331290112
331290112
331290112
331290112
330741248
330741248
330741248
330741248
330745344
330745344
330745344
330745344
330745344
330745344
330745344
330745344
331453952
331453952
331453952
331453952
331453952
331453952
331453952
331453952
331453952
331453952
331453952
331994624
330581504
330581504
330581504
330581504
330581504
330581504
330581504
330581504
330581504
330581504
330581504
330843648
331576832
331576832
331576832
331576832
331576832
331576832
331576832
331576832
331576832
331576832
331576832
331216384
330724864
330724864
330724864
330724864
330724864
330724864
330597888
330597888
330556928
330556928
330556928
330380800
331093504
331093504
331093504
331093504
331093504
331093504
331093504
331093504
331093504
331093504
331093504
331019776
330716672
330716672
330716672
330716672
330716672
330716672
330716672
330716672
330675712
330675712
330675712
330794496
331552256
331552256
331552256
331552256
331552256
331552256
331552256
331552256
331511296
331511296
331511296
291534336
330802688
330802688
330802688
330802688
330802688
330802688
330802688
330802688
330802688
330802688
330802688
337928704
331212288
331212288
331212288
331212288
331212288
331212288
331212288
331212288
331212288
331212288
331212288
330678784
330683904
330683904
330683904
330683904
330683904
330683904
330683904
330683904
330683904
330683904
330683904
291455488
291456512
291456512
291456512
291456512
291456512
291456512
291456512
291456512
291456512
291456512
291456512
291566080
291567104
291567104
291567104
291567104
291567104
291567104
291567104
291567104
291567104
291567104
291567104
331911680
331912704
331912704
331912704
331912704
331912704
331912704
331912704
331912704
331912704
331912704
331912704
330842624
330843648
330843648
330843648
330843648
330843648
330843648
330843648
330843648
330843648
330843648
330843648
331761152
331761152
331761152
331761152
331761152
331761152
331761152
331761152
331761152
331761152
331761152
331761152
330765824
330765824
330765824
330765824
330765824
330765824
330765824
330765824
330765824
330765824
330765824
330765824
331167232
331167232
331167232
331167232
331171328
331171328
331171328
331171328
331171328
331171328
331171328
331171328
331093504
331093504
331093504
331093504
331093504
331093504
331093504
331093504
331093504
331093504
331093504
331093504
331666944
331666944
331666944
331666944
331666944
331666944
331666944
331666944
331666944
331666944
331666944
331666944
330810880
330810880
330810880
330810880
330810880
330810880
330810880
330810880
330810880
330810880
330810880
330810880
331847168
331847168
331847168
331847168
331847168
331847168
331847168
331847168
331847168
331847168
331847168
331847168
331134464
331134464
331027968
331027968
331027968
331027968
331027968
331027968
331027968
331027968
331027968
331027968
332027392
332027392
332027392
332027392
332031488
332031488
332031488
332031488
332031488
331990528
331990528
331990528
331036160
331036160
331036160
331036160
331036160
331036160
331036160
331036160
331036160
331036160
331031040
331031040
331608576
331608576
331608576
331608576
331608576
331608576
331608576
331608576
331608576
331608576
331608576
331608576
290791936
290791936
290791936
290791936
290791936
290791936
290791936
290791936
290759168
290759168
290759168
290759168
331891200
331891200
331891200
331891200
331891200
331891200
331891200
331891200
331891200
331891200
331891200
331891200
331096576
331096576
331096576
331096576
331096576
331096576
331096576
331096576
331096576
331096576
331096576
331096576
331579904
331579904
331579904
331579904
331579904
331579904
331579904
331579904
331579904
331579904
331579904
331579904
331117056
331117056
331117056
331117056
331117056
331117056
331117056
331117056
331076096
331076096
331076096
330674688
331493888
331493888
331493888
331493888
331493888
331493888
331493888
331493888
331493888
331493888
331493888
331629056
331268608
331268608
331268608
331268608
331268608
331268608
331268608
331268608
331268608
331268608
331268608
330961408
331817472
331817472
331817472
331817472
331817472
331817472
331817472
331817472
331784704
331784704
331784704
331362816
330932736
330932736
330932736
330932736
330932736
330932736
330932736
330932736
330932736
330932736
330932736
331330048
332182016
332182016
332182016
332182016
332186112
332186112
332186112
332186112
332186112
332186112
332186112
331477504
331117056
331117056
331117056
331117056
331117056
331117056
331117056
331117056
331117056
331117056
331117056
336044544
332243456
332243456
332243456
332243456
332243456
332243456
332243456
332243456
332243456
332243456
332243456
331379200
331379200
331379200
331379200
331379200
331379200
331379200
331379200
331379200
331379200
331379200
331379200
332026368
332026368
332026368
332026368
332026368
332026368
332026368
332026368
332026368
332026368
332026368
332026368
331239936
331244032
331244032
331244032
331244032
331244032
331244032
331244032
331244032
331244032
331244032
331244032
331932160
331932160
331932160
331932160
331932160
331932160
331932160
331932160
331932160
331932160
331903488
331903488
331330048
331330048
331330048
331330048
331330048
331330048
331330048
331330048
331330048
331330048
331330048
331330048
332083712
332083712
332083712
332083712
332083712
332083712
332083712
332083712
332083712
332083712
332083712
332083712
331379200
331379200
331379200
331379200
331379200
331379200
331379200
331379200
331379200
331379200
331252224
331252224
331772416
331772416
331772416
331772416
331772416
331772416
331772416
331772416
331772416
331772416
331772416
331772416
331186688
331186688
331186688
331186688
331186688
331186688
331186688
331186688
331186688
331186688
331186688
331186688
331837952
331837952
331837952
331837952
331837952
331837952
331837952
331837952
331837952
331837952
331837952
331837952
331538944
331538944
331538944
331538944
331538944
331538944
331538944
331538944
331538944
331538944
331538944
331538944
331944448
331944448
331944448
331944448
331948544
331948544
331948544
331948544
331948544
331948544
331948544
331948544
291033600
291033600
291033600
291033600
291033600
291033600
291033600
291033600
291033600
291033600
291033600
291033600
332788224
332788224
332788224
332788224
332788224
332788224
332788224
332788224
332788224
332788224
332788224
332788224
331198976
331198976
331198976
331198976
331198976
331198976
331198976
331198976
331198976
331198976
331198976
331198976
332366336
332366336
332366336
332366336
332366336
332366336
332366336
332366336
332366336
332366336
332366336
332366336
331514368
331514368
331514368
331514368
331522560
331522560
331522560
331522560
331522560
331522560
331522560
331522560
332268032
332268032
332268032
332268032
332268032
332268032
332268032
332268032
332268032
332268032
332268032
332268032
331702784
331702784
331702784
331702784
331702784
331702784
331702784
331702784
331694592
331694592
331694592
331694592
332214784
332214784
332214784
332214784
332218880
332218880
332218880
332218880
332218880
332218880
332218880
332218880
331694592
331694592
331694592
331694592
331694592
331694592
331694592
331694592
331694592
331694592
331694592
372625920
332038656
332038656
332038656
332038656
332038656
332038656
332038656
332038656
332038656
332038656
332038656
332292608
331899392
331899392
331899392
331899392
331899392
331899392
331899392
331899392
331899392
331899392
331899392
331457024
332272128
332272128
332272128
332272128
332272128
332272128
332272128
332272128
332272128
332272128
332272128
332034560
331731456
331731456
331731456
331731456
331731456
331731456
331731456
331731456
331731456
331731456
331731456
331514368
332280320
332280320
332280320
332280320
332280320
332280320
332280320
332280320
332280320
332280320
332280320
332083712
331764224
331764224
331764224
331764224
331764224
331764224
331764224
331764224
331764224
331764224
331764224
291824128
332567040
332567040
332567040
332567040
332567040
332567040
332567040
332567040
332562944
332562944
332562944
335577600
331710976
331710976
331710976
331710976
331710976
331710976
331710976
331710976
331702784
331702784
331702784
332472832
332472832
332472832
332472832
332472832
332472832
332472832
332472832
332472832
332472832
332472832
332472832
331813376
331813376
331813376
331813376
331813376
331813376
331813376
331813376
331813376
331813376
331813376
331813376
332395008
332395008
332395008
332395008
332386816
332386816
332386816
332386816
332386816
332378624
332378624
332378624
331862528
331862528
331862528
331862528
331862528
331862528
331862528
331862528
331862528
331862528
331862528
331862528
332448256
332448256
332448256
332448256
332448256
332448256
332448256
332448256
332448256
332448256
332448256
332448256
331940352
331940352
331940352
331940352
331940352
331940352
331940352
331940352
331940352
331899392
331899392
331899392
332681728
332681728
332681728
332681728
332681728
332681728
332681728
332681728
332681728
332681728
332681728
332681728
331956736
331956736
331956736
331956736
331960832
331960832
331960832
331960832
331960832
331960832
331960832
331960832
332448256
332448256
332448256
332448256
332448256
332448256
332448256
332448256
332448256
332448256
332448256
332448256
331899392
331899392
331899392
331899392
331899392
331899392
331899392
331899392
331899392
331837952
331837952
331837952
332333568
332333568
332333568
332333568
332333568
332333568
332333568
332333568
332333568
332321280
332321280
332321280
331973120
331973120
331973120
331973120
331977216
331977216
331977216
331977216
331977216
331977216
331977216
331977216
292266496
292266496
292266496
292266496
292266496
292266496
292266496
292266496
292266496
292266496
292266496
292266496
291598848
291598848
291598848
291598848
291598848
291598848
291598848
291598848
291598848
291598848
291598848
291598848
333111808
333111808
333111808
333111808
333111808
333111808
333111808
333111808
333111808
333111808
333111808
333111808
331887104
331887104
331887104
331887104
331887104
331887104
331887104
331887104
331887104
331887104
331887104
331887104
332997120
332997120
332997120
332997120
332997120
332997120
332997120
332997120
332997120
332997120
332997120
332997120
332050944
332050944
332050944
332050944
332050944
332050944
332050944
332050944
332050944
332050944
332050944
332050944
332689920
332689920
332689920
332689920
332689920
332689920
332689920
332689920
332689920
332689920
332689920
332689920
291795456
291795456
291795456
291795456
291795456
291795456
291795456
291795456
291795456
291762688
291762688
291762688
332767744
332767744
332767744
332767744
332767744
332767744
332767744
332767744
332767744
332767744
332767744
332767744
331616768
331616768
331616768
331616768
331616768
331616768
331616768
331616768
331616768
331616768
331616768
331616768
333017600
333017600
333017600
333017600
333017600
333017600
333017600
333017600
333017600
333017600
333017600
332780032
332186112
332186112
332186112
332186112
332186112
332186112
332186112
332186112
332186112
332186112
332186112
371896832
332153344
332177920
332177920
332177920
332177920
332177920
332177920
332177920
332177920
332177920
332177920
372290048
372261376
372261376
372261376
372261376
372265472
372265472
372265472
372265472
372265472
372265472
372265472
371692032
372576768
372576768
372576768
372576768
372576768
372576768
372576768
372576768
372576768
372576768
372576768
372322816
372003328
372003328
372003328
372003328
372003328
372003328
372003328
372003328
372003328
372003328
372003328
291799552
332497408
332497408
332497408
332497408
332497408
332497408
332497408
332497408
332497408
332497408
332497408
334434816
332444160
332444160
332444160
332444160
332444160
332444160
332444160
332444160
332444160
332444160
332444160
292176384
292176384
292176384
292176384
292176384
292176384
292176384
292176384
292176384
292176384
292176384
292176384
332345856
332345856
332345856
332345856
332345856
332349952
332349952
332349952
332349952
332349952
332349952
332349952
292545024
292545024
292545024
292545024
292545024
292545024
292545024
292545024
292545024
292545024
292545024
292545024
292254208
292254208
292254208
292254208
292254208
292258304
292258304
292258304
292258304
292258304
292258304
292258304
333562368
333562368
333562368
333562368
333566464
333566464
333566464
333566464
333566464
333566464
333566464
333566464
291983872
291983872
291983872
291983872
291983872
291961344
291983872
291983872
291983872
291983872
291983872
291983872
293679616
293679616
293679616
293679616
293679616
293679616
293679616
293679616
293679616
293679616
293679616
293679616
332169728
332169728
332169728
332169728
332169728
332169728
332169728
332169728
332169728
332169728
332169728
332169728
332689920
332689920
332689920
332689920
332689920
332689920
332689920
332689920
332689920
332689920
332689920
332689920
332280320
332280320
332280320
332280320
332284416
332284416
332284416
332284416
332284416
332284416
332284416
332284416
333394432
333394432
333394432
333394432
333394432
333394432
333394432
333394432
333394432
333394432
333271552
333271552
332681728
332681728
332681728
332681728
332681728
332681728
332681728
332681728
332681728
332681728
332681728
332681728
333242880
333242880
333242880
333242880
333246976
333246976
333246976
333246976
333246976
333246976
333246976
333246976
332669440
332669440
332669440
332669440
332669440
332669440
332669440
332669440
332669440
332669440
332669440
332669440
333218304
333218304
333218304
333218304
333222400
333222400
333222400
333222400
333222400
333222400
333222400
333222400
332530176
332530176
332530176
332530176
332530176
332530176
332530176
332530176
332530176
332530176
332530176
332530176
332943872
332943872
332943872
332943872
332943872
332943872
332943872
332943872
332943872
332943872
332943872
332943872
332489216
332489216
332489216
332489216
332489216
332489216
332489216
332489216
332489216
332489216
332489216
332489216
333332992
333332992
333332992
333332992
333332992
333332992
333332992
333332992
333332992
333332992
333332992
333332992
332706304
332706304
332706304
332706304
332706304
332706304
332706304
332706304
332706304
332706304
332706304
332706304
333259264
333259264
333259264
333259264
333259264
333259264
333259264
333259264
333242880
333242880
333242880
333124096
332542464
332542464
332542464
332542464
332542464
332542464
332542464
332542464
332542464
332542464
332542464
332526080
333259264
333259264
333259264
333259264
333259264
333259264
333259264
333259264
333259264
333259264
333259264
332980736
332657152
332657152
332657152
332657152
332657152
332657152
332657152
332657152
332657152
332657152
332657152
332460544
333251072
333251072
333251072
333251072
333251072
333251072
333251072
333251072
333251072
333251072
333251072
333099520
332767744
332767744
332767744
332767744
332767744
332767744
332767744
332767744
332767744
332767744
332767744
292430336
333206016
333206016
333206016
333206016
333206016
333206016
333206016
333206016
333206016
333206016
333206016
336056832
292286976
292286976
292286976
292286976
292286976
292286976
292286976
292286976
292286976
292286976
292286976
292880896
292880896
292880896
292880896
292880896
292880896
292880896
292880896
292880896
292880896
292880896
292880896
333894144
333894144
333894144
333894144
333894144
333894144
333894144
333894144
333894144
333894144
333894144
333894144
333603328
333603328
333603328
333603328
333603328
333603328
333603328
333603328
333603328
333586944
333586944
333586944
332575232
332575232
332575232
332575232
332575232
332575232
332575232
332575232
332575232
332575232
332575232
332575232
333533696
333533696
333533696
333533696
333533696
333533696
333533696
333533696
333533696
333533696
333533696
333533696
332907008
332907008
332907008
332907008
332907008
332907008
332907008
332907008
332907008
332907008
332907008
332907008
333480448
333480448
333480448
333480448
333480448
333480448
333480448
333480448
333480448
333480448
333480448
333480448
332997120
332997120
332997120
332997120
332997120
332997120
332997120
332997120
332997120
332997120
332997120
332997120
333603328
333603328
333603328
333603328
333607424
333607424
333607424
333607424
333607424
333607424
333607424
333607424
333115904
333115904
333115904
333115904
333120000
333120000
333120000
333120000
333120000
333120000
333120000
333120000
373809664
373809664
373809664
373809664
373809664
373809664
373809664
373809664
373809664
373809664
373809664
373809664
332833280
332833280
332833280
332833280
332833280
332833280
332833280
332833280
332833280
332833280
332833280
332833280
333726208
333726208
333726208
333726208
333726208
333726208
333726208
333726208
333726208
333726208
333726208
333726208
333242880
333242880
333242880
333242880
333242880
333242880
333242880
333242880
333242880
333242880
333242880
333242880
333738496
333738496
333738496
333738496
333738496
333738496
333738496
333738496
333738496
333738496
333738496
333738496
332816896
332816896
332816896
332816896
332816896
332816896
332816896
332816896
332816896
332816896
332816896
332816896
333439488
333439488
333439488
333439488
333439488
333439488
333439488
333439488
333439488
333439488
333439488
333439488
332935680
332935680
332935680
332935680
332939776
332939776
332939776
332939776
332939776
332939776
332939776
332939776
333537792
333537792
333537792
333537792
333537792
333537792
333537792
333537792
333537792
333537792
333537792
333537792
292475392
292475392
292475392
292475392
292475392
292475392
292475392
292475392
292475392
292475392
292475392
292475392
293118464
293118464
293118464
293118464
293118464
293118464
293118464
293118464
293118464
293118464
293118464
334234112
293700096
293700096
293700096
293700096
293700096
293700096
293700096
293700096
293700096
293700096
293700096
332829184
333648384
333648384
333648384
333648384
333648384
333648384
333648384
333648384
333648384
333648384
333648384
333402624
333046272
333046272
333046272
333046272
333046272
333046272
333046272
333046272
333046272
333046272
333046272
332796416
333484544
333484544
333484544
333484544
333484544
333484544
333484544
333484544
333484544
333484544
333484544
333935104
333472256
333472256
333472256
333472256
333472256
333472256
333472256
333472256
333472256
333472256
333472256
332878336
333795840
333795840
333795840
333795840
333795840
333795840
333795840
333795840
333795840
333795840
333795840
293839360
292659712
292659712
292659712
292659712
292659712
292659712
292659712
292659712
292659712
292659712
292659712
295522816
292979200
292979200
292979200
292979200
292979200
292979200
292979200
292979200
292979200
292979200
292979200
333189632
333189632
333189632
333189632
333189632
333189632
333189632
333189632
333189632
333189632
333189632
333189632
333844992
333844992
333844992
333844992
333844992
333844992
333844992
333844992
333844992
333844992
333844992
333844992
332911104
332911104
332911104
332911104
332911104
332911104
332911104
332911104
332911104
332911104
332911104
332911104
333763072
333763072
333763072
333763072
333763072
333763072
333763072
333763072
333763072
333763072
333763072
333763072
333464064
333464064
333464064
333464064
333464064
333464064
333464064
333464064
333464064
333464064
333464064
333464064
334103040
334103040
334103040
334103040
334103040
334103040
334103040
334103040
334103040
334103040
334103040
334103040
333419008
333419008
333419008
333419008
333419008
333419008
333419008
333419008
333419008
333419008
333419008
333419008
334082560
334082560
334082560
334082560
334082560
334082560
334082560
334082560
334082560
334082560
334082560
334082560
333349376
333349376
333349376
333349376
333349376
333349376
333349376
333349376
333349376
333349376
333349376
333349376
333832704
333832704
333832704
333832704
333836800
333836800
333836800
333836800
333836800
333836800
333836800
333836800
333152768
333152768
333152768
333152768
333152768
333152768
333152768
333152768
333152768
333152768
333152768
333152768
333906432
333906432
333906432
333906432
333906432
333906432
333906432
333906432
333906432
333906432
333906432
333906432
333468160
333468160
333468160
333468160
333468160
333468160
333468160
333468160
333468160
333468160
333468160
333468160
334385664
334385664
334385664
334385664
334389760
334389760
334389760
334389760
334389760
334389760
334389760
334389760
333468160
333468160
333468160
333468160
333468160
333468160
333468160
333468160
333468160
333468160
333468160
333468160
334033408
334033408
334033408
334033408
334033408
334033408
334033408
334033408
334033408
334033408
334033408
334033408
333357568
333357568
333357568
333357568
333361664
333361664
333361664
333361664
333361664
333361664
333361664
333361664
334414336
334414336
334414336
334414336
334414336
334414336
334414336
334414336
334414336
334414336
334414336
334414336
333537792
333537792
333537792
333537792
333537792
333537792
333537792
333537792
333537792
333537792
333537792
333537792
334025216
334025216
334025216
334025216
334025216
334025216
334025216
334025216
334025216
334025216
334025216
334025216
333451776
333451776
333451776
333451776
333451776
333451776
333451776
333451776
333451776
333451776
333451776
333419008
334049792
334049792
334049792
334049792
334049792
334049792
334049792
334049792
334049792
334049792
334049792
333554176
333328896
333328896
333328896
333328896
333328896
333328896
333328896
333328896
333328896
333328896
333328896
333472256
334283264
334283264
334283264
334283264
334283264
334283264
334283264
334283264
334266880
334266880
334266880
333685248
333206016
333206016
333206016
333206016
333206016
333206016
333206016
333206016
333206016
333206016
333206016
333541888
334578176
334578176
334578176
334578176
334578176
334578176
334578176
334578176
334578176
334578176
334578176
294265344
333562368
333562368
333562368
333562368
333566464
333566464
333566464
333566464
333566464
333566464
333566464
336249344
334254592
334254592
334254592
334254592
334254592
334254592
334254592
334254592
334254592
334254592
334254592
333718016
333718016
333718016
333718016
333718016
333718016
333718016
333718016
333718016
333718016
333718016
333718016
333898240
333898240
333898240
333898240
333898240
333898240
333898240
333898240
333898240
333898240
333898240
333898240
333775360
333779456
333779456
333779456
333779456
333779456
333734400
333734400
333734400
333734400
333734400
333734400
334275072
334275072
334275072
334275072
334275072
334275072
334275072
334275072
334275072
334275072
334275072
334275072
333730304
333730304
333730304
333730304
333730304
333730304
333730304
333730304
333730304
333730304
333730304
333730304
334479872
334479872
334479872
334479872
334483968
334483968
334483968
334483968
334483968
334483968
334483968
334483968
333713920
333713920
333713920
333713920
333718016
333718016
333718016
333718016
333718016
333718016
333718016
333718016
334516736
334516736
334516736
334516736
334516736
334516736
334516736
334516736
334516736
334516736
334516736
334516736
333898240
333898240
333898240
333898240
333898240
333898240
333898240
333898240
333898240
333898240
333898240
333898240
334402048
334402048
334402048
334402048
334402048
334402048
334402048
334402048
334402048
334402048
334402048
334402048
333828608
333828608
333828608
333828608
333828608
333828608
333828608
333828608
333828608
333828608
333828608
333828608
334348800
334348800
334348800
334348800
334348800
334348800
334348800
334348800
334348800
334348800
334348800
334348800
333840896
333840896
333840896
333840896
333840896
333840896
333840896
333840896
333840896
333840896
333840896
333840896
334463488
334463488
334463488
334463488
334463488
334463488
334463488
334463488
334463488
334463488
334463488
334463488
333918720
333918720
333918720
333918720
333918720
333918720
333918720
333918720
333918720
333918720
333918720
333918720
334438912
334438912
334438912
334438912
334438912
334438912
334438912
334438912
334438912
334438912
334438912
334438912
333939200
333939200
333939200
333939200
333939200
333939200
333939200
333939200
333939200
333939200
333939200
333939200
334766592
334766592
334766592
334766592
334766592
334766592
334766592
334766592
334766592
334766592
334766592
334766592
333885952
333885952
333885952
333885952
333885952
333885952
333885952
333885952
333885952
333885952
333885952
333885952
334737920
334737920
334737920
334737920
334737920
334737920
334737920
334737920
334737920
334737920
334737920
334737920
333963776
333963776
333963776
333963776
333963776
333963776
333963776
333963776
333963776
333963776
333963776
333791744
334746112
334746112
334746112
334746112
334746112
334746112
334746112
334746112
334746112
334746112
334746112
334770688
293913088
293913088
293913088
293913088
293913088
293913088
293913088
293913088
293913088
293913088
293913088
334131712
334922240
334922240
334922240
334922240
334922240
334922240
334922240
334922240
334922240
334922240
334922240
334520832
334131712
334131712
334131712
334131712
334131712
334131712
334131712
334131712
334131712
334131712
334131712
334098944
334926336
334926336
334926336
334926336
334926336
334926336
334926336
334926336
334926336
334926336
334926336
294715904
334127616
334127616
334127616
334127616
334127616
334127616
334127616
334127616
334127616
334127616
334127616
336929280
334836224
334836224
334836224
334836224
334844416
334844416
334844416
334844416
334844416
334844416
334844416
334307840
334307840
334307840
334307840
334307840
334311936
334311936
334311936
334311936
334311936
334311936
334311936
335057408
335057408
335032832
335057408
335057408
335057408
335057408
335057408
335057408
335057408
335057408
335057408
334225920
334225920
334225920
334225920
334225920
334225920
334225920
334225920
334225920
334225920
334225920
334225920
335000064
335000064
335000064
335000064
335000064
335000064
335000064
335000064
335000064
335000064
335000064
335000064
334479872
334479872
334479872
334479872
334479872
334479872
334479872
334479872
334479872
334479872
334479872
334479872
334991872
334991872
334991872
334991872
334991872
334991872
334991872
334991872
334991872
334991872
334991872
334991872
334168576
334168576
334168576
334168576
334168576
334168576
334168576
334168576
334168576
334168576
334168576
334168576
334995968
334995968
334995968
334995968
334995968
334995968
334995968
334995968
334995968
334995968
334995968
334995968
334324224
334324224
334324224
334324224
334324224
334324224
334324224
334324224
334324224
334324224
334324224
334324224
334987776
334987776
334987776
334987776
334987776
334987776
334987776
334987776
334987776
334987776
334987776
334987776
294015488
294015488
294015488
294015488
294019584
294019584
294019584
294019584
294019584
294019584
294019584
294019584
335606272
335606272
335606272
335606272
335606272
335606272
335606272
335606272
335606272
335606272
335606272
335606272
334352896
334352896
334352896
334352896
334328320
334352896
334352896
334352896
334352896
334311936
334311936
334311936
335626752
335626752
335626752
335626752
335626752
335626752
335626752
335626752
335626752
335626752
335626752
335626752
334717440
334717440
334631424
334631424
334631424
334631424
334631424
334631424
334631424
334623232
334623232
334623232
335335936
335335936
335335936
335335936
335335936
335335936
335308288
335335936
335335936
335335936
335335936
335335936
334639616
334639616
334639616
334639616
334639616
334639616
334639616
334639616
334639616
334639616
334639616
334639616
335389184
335389184
335389184
335389184
335389184
335389184
335389184
335389184
335389184
335389184
335389184
335389184
334764544
334764544
334764544
334764544
334764544
334764544
334764544
334764544
334764544
334764544
334764544
334764544
335321600
335321600
335321600
335321600
335321600
335321600
335321600
335321600
335321600
335321600
335321600
335321600
334526976
334526976
334526976
334526976
334531072
334531072
334531072
334531072
334531072
334531072
334531072
334199296
335235584
335235584
335235584
335235584
335235584
335235584
335235584
335235584
335235584
335235584
335235584
335452672
334883328
334883328
334883328
334883328
334883328
334883328
334883328
334883328
334883328
334883328
334883328
334350848
335137280
335137280
335137280
335137280
335137280
335137280
335137280
335137280
335137280
335137280
335137280
334998016
334670336
334670336
334670336
334670336
334670336
334670336
334670336
334670336
334670336
334670336
334670336
334281216
335243776
335243776
335243776
335243776
335243776
335243776
335243776
335243776
335243776
335243776
335243776
295254528
334760448
334760448
334760448
334760448
334764544
334764544
334764544
334764544
334764544
334764544
334764544
337758720
335489536
335489536
335489536
335489536
335493632
335493632
335493632
335493632
335493632
335493632
335493632
294468096
294439424
294439424
294439424
294439424
294439424
294439424
294439424
294439424
294332928
294332928
294332928
295131648
295148032
295148032
295148032
295148032
295152128
295152128
295152128
295152128
295152128
295152128
295152128
334514688
334514688
334514688
334514688
334514688
334514688
334514688
334514688
334514688
334514688
334514688
334514688
335264256
335264256
335264256
335264256
335264256
335264256
335264256
335264256
335264256
335264256
335264256
335198720
334588416
334588416
334588416
334588416
334588416
334588416
334588416
334588416
334588416
334588416
334588416
334588416
335874560
335878656
335878656
335878656
335878656
335878656
335878656
335878656
335878656
335878656
335878656
335878656
334567936
334567936
334567936
334567936
334567936
334567936
334567936
334567936
334567936
334567936
334567936
334567936
335510016
335510016
335510016
335510016
335510016
335510016
335510016
335510016
335510016
335510016
335510016
335510016
334940672
335029760
335029760
335029760
335107584
335107584
335107584
335107584
335107584
335107584
335107584
335107584
339711488
335705600
335705600
335705600
335705600
335705600
335705600
335705600
335705600
335705600
335705600
335705600
335070720
335070720
335070720
335070720
335074816
335074816
335074816
335074816
335074816
335074816
335074816
335074816
335422976
335422976
335277568
335277568
335277568
335353344
335353344
335353344
335422976
335422976
335422976
335422976
340313600
294774272
294774272
294774272
294778368
294778368
294778368
294778368
294778368
294778368
294778368
294778368
335898112
335898112
335898112
335898112
335902208
335902208
335902208
335902208
335902208
335902208
335902208
335902208
334628352
334628352
334628352
334628352
334628352
334628352
334628352
334628352
334628352
334628352
334628352
334628352
335496704
335496704
335496704
335496704
335496704
335496704
335496704
335496704
335496704
335496704
335496704
335496704
335164928
335164928
335164928
335164928
335164928
335164928
335164928
335164928
335164928
335164928
335164928
335164928
335734272
335738368
335738368
335738368
335738368
335738368
335738368
335738368
335738368
335738368
335738368
335738368
335054336
335054336
335054336
335054336
335058432
335058432
335058432
335058432
335058432
335058432
335058432
335058432
336152064
336152064
336152064
336152064
336152064
336152064
336152064
336152064
336152064
336152064
336152064
336467456
335099392
335099392
335099392
335099392
335099392
335099392
335099392
335099392
335099392
335099392
335099392
334833152
335577600
335577600
335577600
335578624
335578624
335578624
335578624
335578624
335578624
335578624
335578624
335726080
335336960
335336960
335336960
335336960
335336960
335336960
335336960
335336960
335336960
335336960
335336960
334943744
335721984
335721984
335721984
335721984
335726080
335726080
335726080
335726080
335726080
335726080
335726080
335615488
335341056
335341056
335341056
335341056
335340032
335341056
360924672
321062400
319002112
319952384
320167424
319798784
320207360
320539136
322005504
322075136
321223168
320973312
322326016
321364480
318342656
318972416
319035904
319896064
318536192
279336448
280155648
319329792
329773568
314233344
320709120
360698368
362230272
330138112
318988800
320680448
319947264
319320576
320299520
319865344
320455168
319549952
319836672
319898112
320442880
320283136
320549376
320639488
320926208
320905728
320406016
320631296
320827904
321307136
320950784
320160256
320274944
320569856
321245696
320283136
320532992
322376192
320176640
320246272
321053184
320582144
323248640
283767296
277656064
277656064
277656064
275137024
275141120
275141120
275141120
274998784
275001856
275001856
275001856
275001856
274960896
274958848
274958848
316443136
316447232
316418560
316572160
316572160
316571136
316564992
316563968
316563968
316563968
316564992
316563968
315469312
315470336
315470336
315470336
315470336
315505152
315499008
315499008
315499008
315499008
315499008
315499008
277156352
277156352
277156352
277156352
277156352
277156352
277156352
277156352
277156352
277156352
277156352
277156352
315613696
315613696
315613696
315613696
315613696
315613696
315613696
315613696
315613696
315608576
315608576
315606528
275039744
275039744
275039744
275039744
275043840
275043840
275043840
275043840
275043840
275043840
275043840
275043840
315950592
315949568
315949568
315949568
315949568
315949568
315949568
315949568
315699712
315693568
315693568
315693568
315829760
315893248
315893248
315889152
315889152
315887104
316176896
316174848
370205184
318939648
317862400
317366784
372296192
319486464
316859904
318563840
317788672
318378496
318755328
319312384
319136256
318128640
318966272
319093248
318446080
319388160
317118976
318978560
318581248
319457792
318736896
319261184
318861824
318737920
319544832
319446528
318868992
319470080
319526400
318778880
318990848
319890944
279273984
285262336
312627712
320725504
320510464
360395264
358978048
320519680
320343552
320212480
320785920
319729152
319585792
320611840
320153088
319976960
319887872
321120768
320719360
319879680
321075712
321251840
320963072
322134528
321901056
320926208
320745984
321057280
321179136
319811072
320416256
318366208
319398400
320114176
331139584
357373440
356849152
356783616
357422592
357824000
358733312
358610432
318662144
318264832
318375424
318248448
318871040
318182912
318989824
318532096
319048192
318852608
318959104
318739968
318761472
317814272
318605824
318157312
318829056
318280192
318813696
318371328
319202816
319612416
317986304
319141376
319170048
318617088
319174144
318625280
320058880
319549952
318870016
319836672
320180736
319967744
319874560
319739392
299030016
400810496
398819840
399788544
399854080
400124416
399519232
399646208
400480768
400512512
400630272
356812288
401593856
420308480
401043968
401170944
318945792
317826560
318846464
319265280
319153664
319174144
320316928
319923712
319157760
319083008
319282688
319927808
319288832
320476672
319864320
319532544
319913472
319914496
320867840
320212480
320273920
320523776
319622656
320044544
320579072
320460288
320558592
319917568
320654848
320491008
319720960
320630272
320433664
320133632
319929856
320076288
320540160
319839744
321048064
320166400
320227840
321276416
321116672
320223744
321055232
283085312
276974080
276974080
276974080
276974080
276974080
276974080
276974080
276974080
276974080
276974080
314927616
314927616
314927616
314927616
314931712
314931712
314931712
314931712
314931712
314931712
314931712
314931712
275220992
275220992
275220992
275220992
275220992
275220992
275220992
275220992
275220992
275220992
275220992
275220992
315116032
315116032
315116032
315116032
315116032
315116032
315116032
315116032
315116032
315116032
315116032
314919424
274852352
274852352
274852352
274852352
274860544
274860544
274860544
274860544
274860544
274860544
274860544
315484672
275208704
275208704
275208704
275208704
275208704
275208704
275208704
275208704
275208704
275208704
275208704
315300352
275200512
275200512
275200512
275200512
275200512
275200512
275200512
275200512
275200512
275200512
275200512
315636224
315243008
315243008
315174400
315174400
315174400
315237888
315169280
315168256
315168256
315167232
315231744
314912256
315641344
315640320
315576832
315576832
315576832
315576832
315576832
315576832
315576832
315640320
315640320
315255296
274934272
274934272
274934272
274934272
274934272
274934272
274934272
274934272
274934272
274934272
274934272
235264512
275220992
275220992
275220992
275157504
275173888
275172864
275173888
275173888
275173888
275173888
275173888
236405248
275984896
275984896
275984896
275984896
275984896
275984896
275984896
275983872
275983872
275983872
275983872
315751936
315751936
315750912
315729408
315749888
315753984
315753984
315753984
315753984
315753984
315753984
315753984
315138560
315160064
315160064
315160064
315160064
315164160
315164160
315164160
315164160
315164160
315164160
315164160
316337664
316341760
316341760
316341760
316341760
316341760
316341760
316337664
316337664
316337664
316337664
316337664
315494912
315519488
315519488
315519488
315519488
315519488
315519488
315519488
315519488
315519488
315519488
315519488
316269056
316269056
316269056
316269056
316269056
316269056
316269056
316269056
316269056
316269056
316269056
316269056
315625984
315625984
315625984
315625984
315625984
315625984
315625984
315625984
315625984
315625984
315625984
315625984
315965952
315970048
315970048
315970048
315970048
315970048
315970048
315970048
315970048
315970048
315970048
315970048
275214848
275214848
275214848
275214848
275214848
275214848
275214848
275214848
275214848
275214848
275214848
275214848
317035008
317035008
317035008
317035008
317035008
317035008
317035008
317035008
317035008
317035008
317035008
317035008
315561472
315585024
315585024
315585024
315585024
315585024
315585024
315585024
315585024
315585024
315585024
315585024
316047872
316047872
316047872
316047872
316047872
316047872
316047872
316047872
316047872
316047872
316047872
316047872
315621888
315621888
315621888
315621888
315621888
315621888
315621888
315621888
315621888
315621888
315621888
315621888
276136448
276136448
276136448
276136448
276136448
276136448
276136448
276136448
276136448
276136448
276136448
276136448
316104192
316104192
316104192
316104192
316104192
316104192
316104192
316104192
316104192
316104192
316104192
316104192
316358144
316358144
316358144
316358144
316358144
316358144
316358144
316358144
316358144
316358144
316358144
316358144
315497984
315497984
315497984
315497984
315497984
315497984
315497984
315497984
315497984
315496960
315496960
315496960
316520960
